nesdis_id,nwsli,state_code,latitude_d,longitude_d,owner_code,pe1,pe2,pe3,pe4,pe5,pe6,pe7,pe8,pe9,pe10,pe11,pe12,pe13,pe14,pe15,pe16,pe17,pe18,pe19,pe20,pe21,p322,pe23,pe24,pe25
DDD0A4B2,AAIT2,TX,30.2211,-97.7933,USGS01,HG,,,,,,,,,,,,,,,,,,,,,,,
1765937A,AAYT2,TX,33.2833,-96.8925,USGS01,HG,TW,WC,WP,WO,,,,,,,,,,,,,,,,,,,
D1010000,ABAT2,TX,32.7328,-99.1403,USGS01,HG,TW,WC,,,,,,,,,,,,,,,,,,,,,
DE4A2134,ABIT2,TX,32.2344,-99.8886,USGS01,HP,,,,,,,,,,,,,,,,,,,,,,,
CD0544FE,ABMT2,TX,30.6222,-98.0847,NOACRD,DY,DJ,XR,PC,PC,PC,US,UP,TV,MS,TV,MS,RW,DH,TA,PP,PC,,,,,,,
173F66EE,ABST2,TX,30.2633,-97.7711,USGS01,HG,,,,,,,,,,,,,,,,,,,,,,,
DD1C12C4,ABTT2,TX,30.2444,-97.8019,USGS01,PC,HG,,,,,,,,,,,,,,,,,,,,,,
17DC51F0,ABUT2,TX,30.3719,-97.7844,USGS01,HG,,,,,,,,,,,,,,,,,,,,,,,
17B2B458,ABYT2,TX,32.9831,-99.2153,USGS01,HG,,,,,,,,,,,,,,,,,,,,,,,
1735844E,ACCT2,TX,32.4753,-99.7489,USGS01,HG,,,,,,,,,,,,,,,,,,,,,,,
00909544,ACDT2,TX,31.7778,-106.526,USIBWC,HG,VB,,,,,,,,,,,,,,,,,,,,,,
DD1D5334,ACET2,TX,27.7667,-98.0756,USGS01,HG,HG,PC,,,,,,,,,,,,,,,,,,,,,
17187642,ACHT2,TX,26.2353,-97.5847,USGS01,HG,,,,,,,,,,,,,,,,,,,,,,,
16D175D8,ACMT2,TX,31.9094,-96.8814,USGS01,HG,PC,,,,,,,,,,,,,,,,,,,,,,
DDE292AC,ACRT2,TX,30.2461,-97.68,USGS01,HG,PC,,,,,,,,,,,,,,,,,,,,,,
DE3814F6,ACST2,TX,33.3844,-94.4981,USGS01,HG,PC,,,,,,,,,,,,,,,,,,,,,,
DD5C74FE,ACTT2,TX,31.5794,-97.1975,USGS01,PC,UD,US,HP,,,,,,,,,,,,,,,,,,,,
DE4A3242,ACWT2,TX,32.4867,-99.7144,USGS01,HG,,,,,,,,,,,,,,,,,,,,,,,
DD1205DA,ADBT2,TX,29.7617,-95.6056,USGS01,HG,,,,,,,,,,,,,,,,,,,,,,,
DE908364,ADDT2,TX,29.7911,-95.6233,USGS01,HP,HP,,,,,,,,,,,,,,,,,,,,,,
DE37F196,ADOT2,TX,32.6531,-97.5864,USGS01,HG,VB,,,,,,,,,,,,,,,,,,,,,,
DE5B97DE,AECT2,TX,32.5072,-99.7408,USGS01,HG,PC,HG,,,,,,,,,,,,,,,,,,,,,
837152A4,AFWT2,TX,28.3044,-96.8233,FWSBID,PC,US,UD,TA,MT,XR,VB,MM,UR,UP,RW,,,,,,,,,,,,,
DDCD50CE,AHOT2,TX,30.2764,-97.75,USGS01,HG,VB,,,,,,,,,,,,,,,,,,,,,,
DE394670,AICT2,TX,27.7722,-98.0333,USGS01,HG,,,,,,,,,,,,,,,,,,,,,,,
DD988524,ALAT2,TX,31.8997,-97.2025,USGS01,HP,PC,US,UD,,,,,,,,,,,,,,,,,,,,
DDDF02D8,ALGT2,TX,29.8619,-93.9825,USGS01,HB,HB,,,,,,,,,,,,,,,,,,,,,,
17CF011C,ALNT2,TX,29.3714,-95.3228,USGS01,HG,PC,,,,,,,,,,,,,,,,,,,,,,
D1011376,ALOT2,TX,31.6717,-94.9525,USGS01,PC,HG,,,,,,,,,,,,,,,,,,,,,,
17373234,ALWT2,TX,33.6625,-98.6128,USGS01,HG,,,,,,,,,,,,,,,,,,,,,,,
DE556332,AMAT2,TX,35.4703,-101.879,USGS01,PC,HG,TW,WC,,,,,,,,,,,,,,,,,,,,
0091C7C2,AMIT2,TX,29.47,-101.03,USIBWC,HP,VB,,,,,,,,,,,,,,,,,,,,,,
1734E352,AMTT2,TX,33.0081,-100.18,USGS01,PC,HG,,,,,,,,,,,,,,,,,,,,,,
8373E4DE,ANWT2,TX,29.6706,-96.2681,FWSBID,PC,US,UD,TA,MT,XR,VB,MM,UR,UP,RW,,,,,,,,,,,,,
8840447C,APLT2,TX,31.7425,-95.5717,TXFSRA,PC,US,UD,TA,MT,XR,VB,PA,MM,UR,UP,RW,,,,,,,,,,,,
177B2302,AQAT2,TX,31.8953,-97.2028,USGS01,HG,PC,,,,,,,,,,,,,,,,,,,,,,
177B6008,AQLT2,TX,31.8122,-97.2975,USGS01,HG,,,,,,,,,,,,,,,,,,,,,,,
CE5BDD82,ARCT2,TX,33.8756,-95.5022,CESWT1,HG,HG,PC,,,,,,,,,,,,,,,,,,,,,
176957F8,ARHT2,TX,33.6631,-98.7786,USGS01,HP,PC,,,,,,,,,,,,,,,,,,,,,,
1766F192,ARRT2,TX,33.7642,-98.3714,USGS01,PC,HP,,,,,,,,,,,,,,,,,,,,,,
DD3563E6,ARTT2,TX,33.3339,-100.238,USGS01,PC,HG,,,,,,,,,,,,,,,,,,,,,,
171C3072,ASHT2,TX,30.3542,-97.7389,USGS01,HG,,,,,,,,,,,,,,,,,,,,,,,
DDD22752,ASRT2,TX,28.5,-99.6817,USGS01,HG,,,,,,,,,,,,,,,,,,,,,,,
DDDEF0A6,ATBT2,TX,31.5042,-94.3042,USGS01,HG,,,,,,,,,,,,,,,,,,,,,,,
DE4AB456,ATHT2,TX,32.2106,-95.765,USGS01,HP,,,,,,,,,,,,,,,,,,,,,,,
DD8AE2A8,ATIT2,TX,30.1778,-97.6883,USGS01,HG,,,,,,,,,,,,,,,,,,,,,,,
DDCE2150,ATOT2,TX,31.5792,-95.1656,USGS01,HG,HG,PC,VB,,,,,,,,,,,,,,,,,,,,
8373C232,ATRT2,TX,26.2283,-97.3492,FWSBID,PC,US,UD,TA,XR,VB,UR,UP,RW,,,,,,,,,,,,,,,
AAAFD098,AURT2,TX,30.1767,-97.8742,TXFSRA,PC,US,UD,TA,MT,XR,VB,MM,UR,UP,RW,,,,,,,,,,,,,
324403FC,AUWT2,TX,30.0931,-97.9339,BLM001,PC,US,UD,TA,MT,XR,VB,MM,UR,UP,,,,,,,,,,,,,,
DE12C222,AVLT2,TX,32.1644,-96.7619,USGS01,HG,PC,,,,,,,,,,,,,,,,,,,,,,
CE6831DC,AVOT2,TX,33.3911,-97.6339,CESWF1,PC,,,,,,,,,,,,,,,,,,,,,,,
D10573AA,AYIT2,TX,31.3961,-94.1508,USGS01,PC,HG,,,,,,,,,,,,,,,,,,,,,,
17B360CA,BACT2,TX,28.9739,-96.0122,USGS01,HG,PC,,,,,,,,,,,,,,,,,,,,,,
1717B5CE,BAHT2,TX,29.7694,-95.6431,USGS01,HG,,,,,,,,,,,,,,,,,,,,,,,
DE908DB6,BAKT2,TX,29.7697,-95.6469,USGS01,HP,HP,PC,HB,,,,,,,,,,,,,,,,,,,,
1786A464,BAMT2,TX,31.7492,-99.9475,USGS01,HG,,,,,,,,,,,,,,,,,,,,,,,
DDED5120,BAPT2,TX,30.1025,-98.5106,USGS01,HG,HG,PC,,,,,,,,,,,,,,,,,,,,,
168623D2,BAST2,TX,30.4706,-97.7464,USGS01,HP,PC,,,,,,,,,,,,,,,,,,,,,,
DD64C5A6,BAWT2,TX,29.8083,-96.0956,USGS01,HG,,,,,,,,,,,,,,,,,,,,,,,
DDD180A4,BBAT2,TX,29.8306,-95.6867,USGS01,HG,,,,,,,,,,,,,,,,,,,,,,,
DDDCC0C8,BBCT2,TX,29.7228,-95.7669,USGS01,HG,PC,,,,,,,,,,,,,,,,,,,,,,
CE27A1F0,BBDT2,TX,32.0425,-96.9639,CESWF1,PC,,,,,,,,,,,,,,,,,,,,,,,
DE4C0716,BBHT2,TX,30.1906,-95.4911,USGS01,HG,,,,,,,,,,,,,,,,,,,,,,,
DDD145BA,BBKT2,TX,29.7431,-95.8067,USGS01,HG,PC,,,,,,,,,,,,,,,,,,,,,,
1677C0CE,BBST2,TX,29.76,-95.4083,USGS01,HG,,,,,,,,,,,,,,,,,,,,,,,
17B3C032,BBZT2,TX,30.6267,-96.5439,USGS01,HG,,,,,,,,,,,,,,,,,,,,,,,
DD420198,BCAT2,TX,33.4742,-97.8628,USGS01,HP,PC,,,,,,,,,,,,,,,,,,,,,,
DDD99774,BCBT2,TX,33.0731,-94.9653,USGS01,HG,,,,,,,,,,,,,,,,,,,,,,,
DD8B10D6,BCCT2,TX,30.2633,-97.7719,USGS01,HG,PC,VB,,,,,,,,,,,,,,,,,,,,,
DDEC96C4,BCDT2,TX,30.1553,-97.9397,USGS01,HG,VB,,,,,,,,,,,,,,,,,,,,,,
DD74D14E,BCET2,TX,30.4872,-97.8097,USGS01,HP,PC,,,,,,,,,,,,,,,,,,,,,,
1765E5EA,BCFT2,TX,31.0178,-97.5261,USGS01,HG,VB,,,,,,,,,,,,,,,,,,,,,,
17B3052C,BCHT2,TX,32.7517,-97.2892,USGS01,HG,PC,,,,,,,,,,,,,,,,,,,,,,
171A555A,BCIT2,TX,30.5128,-97.6864,USGS01,HG,,,,,,,,,,,,,,,,,,,,,,,
1650A6F2,BCLT2,TX,30.5856,-97.8814,USGS01,HP,PC,,,,,,,,,,,,,,,,,,,,,,
DE3F90D6,BCMT2,TX,30.1636,-97.9069,USGS01,HG,MS,TS,MS,MS,VB,,,,,,,,,,,,,,,,,,
17CF126A,BCNT2,TX,29.4717,-95.8028,USGS01,HG,,,,,,,,,,,,,,,,,,,,,,,
DE4D83F8,BCRT2,TX,31.1381,-99.3853,USGS01,HP,,,,,,,,,,,,,,,,,,,,,,,
16F91576,BCST2,TX,30.5397,-97.7517,USGS01,HP,PC,,,,,,,,,,,,,,,,,,,,,,
17D6E32C,BCWT2,TX,30.2631,-97.7125,USGS01,HG,,,,,,,,,,,,,,,,,,,,,,,
DD711390,BDAT2,TX,29.7236,-99.0697,USGS01,HG,,,,,,,,,,,,,,,,,,,,,,,
8840570A,BDTT2,TX,30.2625,-98.6289,TXFSRA,PC,US,UD,TA,MT,XR,VB,PA,MM,UR,UP,RW,,,,,,,,,,,,
DD96A7A0,BDWT2,TX,32.25,-96.6469,USGS01,HP,UD,US,PC,,,,,,,,,,,,,,,,,,,,
DD122336,BECT2,TX,30.9031,-96.9789,USGS01,HG,,,,,,,,,,,,,,,,,,,,,,,
DE07D10A,BEKT2,TX,32.3272,-94.3533,USGS01,HG,VB,,,,,,,,,,,,,,,,,,,,,,
DD9AD0AC,BEMT2,TX,29.8808,-96.205,USGS01,PC,HG,,,,,,,,,,,,,,,,,,,,,,
CE7269BE,BENT2,TX,33.6442,-99.8006,CESWT1,PC,HG,TW,WC,,,,,,,,,,,,,,,,,,,,
DDEDC442,BEST2,TX,29.8086,-98.2303,USGS01,PC,HG,HG,PP,,,,,,,,,,,,,,,,,,,,
00926034,BFAT2,TX,26.5569,-99.1681,USIBWC,HG,PC,VB,,,,,,,,,,,,,,,,,,,,,
DE5DD41A,BFFT2,TX,32.275,-99.8358,USGS01,HG,PC,HG,,,,,,,,,,,,,,,,,,,,,
DE5EA584,BFLT2,TX,32.3022,-97.9597,USGS01,HG,HG,,,,,,,,,,,,,,,,,,,,,,
DDED77CC,BFST2,TX,30.0006,-98.2003,USGS01,HG,HG,PC,,,,,,,,,,,,,,,,,,,,,
3292A030,BFXT2,TX,30.63,-98.0819,FWSBID,PC,US,UD,TA,MT,XR,VB,MM,UR,UP,RW,,,,,,,,,,,,,
D101359A,BGET2,TX,32.6483,-99.0042,USGS01,HG,,,,,,,,,,,,,,,,,,,,,,,
DDD617F2,BGKT2,TX,32.7386,-94.2325,USGS01,TW,HG,HG,,,,,,,,,,,,,,,,,,,,,
DDECE054,BGMT2,TX,30.2861,-97.7086,USGS01,HG,,,,,,,,,,,,,,,,,,,,,,,
17B70016,BHUT2,TX,30.5428,-97.5825,USGS01,HP,PC,,,,,,,,,,,,,,,,,,,,,,
DE3215A4,BICT2,TX,34.6278,-100.94,USGS01,HG,PC,,,,,,,,,,,,,,,,,,,,,,
DDC6F39E,BIPT2,TX,30.1786,-94.1886,USGS01,HG,TW,HG,WV,PC,,,,,,,,,,,,,,,,,,,
CE29F5E4,BKBT2,TX,34.11,-98.5314,CESWT1,PC,HG,,,,,,,,,,,,,,,,,,,,,,
009141D6,BKCT2,TX,29.95,-101.13,USIBWC,HG,PC,VB,,,,,,,,,,,,,,,,,,,,,
16EB171C,BKFT2,TX,30.5122,-97.6367,USGS01,HG,,,,,,,,,,,,,,,,,,,,,,,
16F4E694,BKGT2,TX,32.8369,-98.9478,USGS01,HG,,,,,,,,,,,,,,,,,,,,,,,
DE90A588,BKHT2,TX,29.8278,-95.4692,USGS01,HG,,,,,,,,,,,,,,,,,,,,,,,
DDEDA1A4,BKLT2,TX,31.1961,-93.5719,USGS01,HP,PC,,,,,,,,,,,,,,,,,,,,,,
D105832E,BKTT2,TX,30.5194,-97.3383,USGS01,HG,HG,PC,,,,,,,,,,,,,,,,,,,,,
1747527E,BLBT2,TX,33.6453,-96.1639,USGS01,HP,,,,,,,,,,,,,,,,,,,,,,,
1778377A,BLDT2,TX,30.5775,-97.7806,USGS01,HP,PC,,,,,,,,,,,,,,,,,,,,,,
178106A8,BLET2,TX,31.07,-97.4411,USGS01,HG,VB,,,,,,,,,,,,,,,,,,,,,,
8841F508,BLGT2,TX,34.8286,-102.809,TXFSRA,PC,US,UD,TA,MT,XR,VB,MM,UR,UP,RW,,,,,,,,,,,,,
DD41207A,BLIT2,TX,31.7153,-100.026,USGS01,HG,TW,WC,,,,,,,,,,,,,,,,,,,,,
DE4C576A,BLKT2,TX,32.0406,-100.268,USGS01,HP,,,,,,,,,,,,,,,,,,,,,,,
DD3AB31C,BLNT2,TX,31.1061,-97.4744,USGS01,HP,PC,UD,US,,,,,,,,,,,,,,,,,,,,
DD3DF222,BLPT2,TX,31.0017,-97.4922,USGS01,HG,,,,,,,,,,,,,,,,,,,,,,,
DE5BC7A2,BLVT2,TX,30.0367,-98.2228,USGS01,HG,,,,,,,,,,,,,,,,,,,,,,,
DDE2715E,BMCT2,TX,32.695,-97.4469,USGS01,HG,,,,,,,,,,,,,,,,,,,,,,,
DE90AB5A,BMPT2,TX,29.7142,-95.3389,USGS01,HG,,,,,,,,,,,,,,,,,,,,,,,
DD77F0AC,BNBT2,TX,32.6506,-97.4483,USGS01,UD,US,PC,HP,HP,,,,,,,,,,,,,,,,,,,
CE275174,BNCT2,TX,32.5869,-97.5928,CESWF1,PC,,,,,,,,,,,,,,,,,,,,,,,
3265958A,BNET2,TX,30.5661,-98.0389,BLM001,PC,US,UD,TA,MT,XR,VB,MM,UR,UP,RW,,,,,,,,,,,,,
8841731C,BNHT2,TX,30.9856,-101.158,TXFSRA,PC,US,UD,TA,MT,XR,VB,PA,MM,UR,UP,RW,,,,,,,,,,,,
DE90DDCA,BNLT2,TX,31.0539,-97.4625,USGS01,HG,HG,,,,,,,,,,,,,,,,,,,,,,
17CEF362,BNPT2,TX,29.6564,-95.2289,USGS01,HG,,,,,,,,,,,,,,,,,,,,,,,
16758630,BNRT2,TX,33.8069,-97.8861,USGS01,HG,,,,,,,,,,,,,,,,,,,,,,,
D11BC3D2,BOCT2,TX,30.5378,-97.71,USGS01,HP,PC,,,,,,,,,,,,,,,,,,,,,,
17D7B1AA,BODT2,TX,33.7442,-95.9611,USGS01,HG,TW,WC,WP,WO,,,,,,,,,,,,,,,,,,,
DDD967F0,BOIT2,TX,33.6822,-95.9844,USGS01,HG,TW,WC,WP,WO,,,,,,,,,,,,,,,,,,,
D107D6A6,BOLT2,TX,29.3133,-95.8936,USGS01,HG,,,,,,,,,,,,,,,,,,,,,,,
DE5E901E,BOMT2,TX,33.5756,-96.1556,USGS01,HG,HG,,,,,,,,,,,,,,,,,,,,,,
D10346FE,BOQT2,TX,29.1833,-102.975,USGS01,HG,TW,WC,WP,WO,PC,,,,,,,,,,,,,,,,,,
DD04028A,BOYT2,TX,33.0853,-97.5583,USGS01,HG,PC,,,,,,,,,,,,,,,,,,,,,,
17E2409E,BPRT2,TX,33.2228,-97.8317,USGS01,HP,HP,PC,,,,,,,,,,,,,,,,,,,,,
CE6562C6,BPST2,TX,33.6219,-100.209,CESWT1,PC,HP,HG,TW,WC,,,,,,,,,,,,,,,,,,,
17E436C0,BRAT2,TX,31.1381,-99.3347,USGS01,TA,HG,PC,,,,,,,,,,,,,,,,,,,,,
17D767C2,BRDT2,TX,32.2433,-96.64,USGS01,HG,,,,,,,,,,,,,,,,,,,,,,,
DD8B254C,BRPT2,TX,33.2317,-97.6944,USGS01,PC,HG,,,,,,,,,,,,,,,,,,,,,,
CD05326E,BRQT2,TX,32.0408,-100.249,NOACRD,DY,DJ,XR,PC,PC,PC,US,UP,TV,MS,TV,MS,TV,MS,TV,MS,TV,MS,RW,DH,TA,PP,PC,
DDE074AA,BRTT2,TX,30.1044,-97.3192,USGS01,HG,PC,HG,,,,,,,,,,,,,,,,,,,,,
17B9B7F0,BRUT2,TX,30.5614,-97.6133,USGS01,HP,PC,,,,,,,,,,,,,,,,,,,,,,
DDCE712C,BRVT2,TX,31.0639,-93.5194,USGS01,HG,,,,,,,,,,,,,,,,,,,,,,,
DD8B40AA,BSAT2,TX,31.6436,-96.5786,USGS01,HP,,,,,,,,,,,,,,,,,,,,,,,
0091744C,BSCT2,TX,29.6639,-100.964,USIBWC,HG,PC,VB,,,,,,,,,,,,,,,,,,,,,
170D2660,BSGT2,TX,32.8044,-97.0097,USGS01,HG,PC,,,,,,,,,,,,,,,,,,,,,,
DDD16356,BSJT2,TX,30.9114,-98.0367,USGS01,HG,,,,,,,,,,,,,,,,,,,,,,,
17D79746,BSLT2,TX,33.08,-95.0019,USGS01,HP,PC,,,,,,,,,,,,,,,,,,,,,,
17152558,BSMT2,TX,29.8794,-97.9106,USGS01,HG,,,,,,,,,,,,,,,,,,,,,,,
17304690,BSNT2,TX,32.6039,-95.0914,USGS01,HG,,,,,,,,,,,,,,,,,,,,,,,
DE570320,BSWT2,TX,29.6306,-98.5653,USGS01,HG,PC,PC,,,,,,,,,,,,,,,,,,,,,
16F05020,BSYT2,TX,30.4692,-97.4633,USGS01,HG,,,,,,,,,,,,,,,,,,,,,,,
D10C0366,BTGT2,TX,31.5167,-98.5667,USGS01,PC,,,,,,,,,,,,,,,,,,,,,,,
DD3703F4,BTNT2,TX,30.3139,-101.741,USGS01,HG,PC,TW,WC,WP,WO,,,,,,,,,,,,,,,,,,
8840D11E,BTRT2,TX,30.2014,-97.3036,TXFSRA,PC,US,UD,TA,MT,XR,VB,MM,UR,UP,RW,,,,,,,,,,,,,
DDD201BE,BTVT2,TX,29.4811,-100.239,USGS01,HG,PC,,,,,,,,,,,,,,,,,,,,,,
D109E754,BUMT2,TX,32.1506,-97.4025,USGS01,HG,PC,,,,,,,,,,,,,,,,,,,,,,
DE90467A,BUZT2,TX,30.5942,-96.2972,USGS01,PC,HG,,,,,,,,,,,,,,,,,,,,,,
16784048,BVRT2,TX,33.8553,-97.9436,USGS01,HG,,,,,,,,,,,,,,,,,,,,,,,
DD140514,BVWT2,TX,33.2944,-96.4833,USGS01,PC,HG,,,,,,,,,,,,,,,,,,,,,,
DE58F536,BWDT2,TX,31.7364,-98.9753,USGS01,PC,HG,HG,,,,,,,,,,,,,,,,,,,,,
D101B38E,BWHT2,TX,29.7089,-95.5828,USGS01,HG,,,,,,,,,,,,,,,,,,,,,,,
D10870CC,BWRT2,TX,30.7469,-93.6083,USGS01,PC,HG,VB,,,,,,,,,,,,,,,,,,,,,
DE911A2E,BYBT2,TX,30.525,-97.7497,USGS01,HG,PC,,,,,,,,,,,,,,,,,,,,,,
8370A0DA,BZRT2,TX,29.1464,-95.3031,BLM001,PC,US,UD,TA,MT,XR,VB,MM,UR,UP,TX,TN,RW,,,,,,,,,,,
DD68C43A,CAAT2,TX,27.8828,-97.625,USGS01,HG,,,,,,,,,,,,,,,,,,,,,,,
83740518,CADT2,TX,32.6583,-94.1164,FWSBID,PC,US,UD,TA,MT,XR,VB,MM,UR,UP,RW,,,,,,,,,,,,,
DE56E228,CAHT2,TX,32.9569,-96.9069,USGS01,HG,,,,,,,,,,,,,,,,,,,,,,,
8841E67E,CAPT2,TX,34.4106,-101.049,TXFSRA,PC,US,UD,TA,MT,XR,VB,MM,UR,UP,RW,,,,,,,,,,,,,
DD8B03A0,CART2,TX,32.9658,-96.9442,USGS01,HG,PC,,,,,,,,,,,,,,,,,,,,,,
CE5A9C72,CAWT2,TX,29.8611,-98.1958,CESWF1,PC,UD,US,TA,XR,PA,VB,,,,,,,,,,,,,,,,,
00923048,CBBT2,TX,27.7064,-99.75,USIBWC,HG,PC,VB,,,,,,,,,,,,,,,,,,,,,
88406290,CBDT2,TX,31.0494,-98.525,TXFSRA,PC,US,UD,TA,MT,XR,VB,MM,UR,UP,RW,,,,,,,,,,,,,
DDEDB2D2,CBET2,TX,30.6056,-96.2986,USGS01,PC,HG,,,,,,,,,,,,,,,,,,,,,,
17B34626,CBST2,TX,29.7061,-96.5367,USGS01,HG,PC,HG,,,,,,,,,,,,,,,,,,,,,
DE33E7DA,CBVT2,TX,27.9375,-97.7756,USGS01,HG,PC,TW,WC,WP,WT,WO,,,,,,,,,,,,,,,,,
176D11C8,CCDT2,TX,28.4858,-98.2414,USGS01,HG,,,,,,,,,,,,,,,,,,,,,,,
DD6FC60E,CCGT2,TX,29.9733,-95.5983,USGS01,HG,,,,,,,,,,,,,,,,,,,,,,,
DE4C328C,CCRT2,TX,32.2814,-100.858,USGS01,HP,,,,,,,,,,,,,,,,,,,,,,,
162C7A78,CCST2,TX,32.4378,-98.9853,USGS01,HP,,,,,,,,,,,,,,,,,,,,,,,
DDDF2434,CCVT2,TX,28.7308,-97.1383,USGS01,HG,VB,,,,,,,,,,,,,,,,,,,,,,
0093813C,CDBT2,TX,31.7642,-106.451,USIBWC,HG,PC,VB,,,,,,,,,,,,,,,,,,,,,
17868288,CDCT2,TX,32.3925,-100.878,USGS01,HG,,,,,,,,,,,,,,,,,,,,,,,
32889366,CDDT2,TX,33.7408,-95.9222,DAFS00,PC,US,UD,TA,MT,XR,VB,MM,UR,UP,RW,,,,,,,,,,,,,
0090B3A8,CDET2,TX,30.175,-104.686,USIBWC,HG,PC,VB,,,,,,,,,,,,,,,,,,,,,
884116FA,CDHT2,TX,32.6092,-96.9931,TXFSRA,PC,US,UD,TA,MT,XR,VB,PA,MM,UR,UP,RW,,,,,,,,,,,,
CE72676C,CDNT2,TX,35.935,-100.37,CESWT1,PC,HG,,,,,,,,,,,,,,,,,,,,,,
FA62C0DC,CEDT2,TX,35.6903,-101.568,NPS003,PC,US,UD,TA,MT,XR,VB,MM,UR,UP,RW,,,,,,,,,,,,,
177B46E4,CFBT2,TX,32.665,-97.4417,USGS01,HG,PC,,,,,,,,,,,,,,,,,,,,,,
D1097236,CFKT2,TX,30.2444,-95.4569,USGS01,HG,PC,TW,WC,WP,WT,WO,,,,,,,,,,,,,,,,,
172FE764,CGAT2,TX,31.9669,-96.0469,USGS01,HG,,,,,,,,,,,,,,,,,,,,,,,
DE6BC1D2,CGET2,TX,32.225,-94.2253,USGS01,HG,HG,PC,,,,,,,,,,,,,,,,,,,,,
DE59143E,CGNT2,TX,30.6092,-96.0653,USGS01,HP,PC,,,,,,,,,,,,,,,,,,,,,,
CE33F328,CHLT2,TX,34.5692,-100.194,CESWT1,PC,HG,,,,,,,,,,,,,,,,,,,,,,
DDD9B198,CHVT2,TX,31.1869,-100.502,USGS01,HG,,,,,,,,,,,,,,,,,,,,,,,
DDF985EC,CHWT2,TX,34.0531,-98.2964,USGS01,HG,,,,,,,,,,,,,,,,,,,,,,,
D109A45E,CHYT2,TX,35.675,-102.281,USGS01,PC,,,,,,,,,,,,,,,,,,,,,,,
17D7E1D6,CICT2,TX,29.775,-98.7094,USGS01,HG,PC,,,,,,,,,,,,,,,,,,,,,,
DD626590,CJNT2,TX,31.8792,-99.2778,USGS01,HG,PC,HG,,,,,,,,,,,,,,,,,,,,,
16CD5BE4,CKDT2,TX,28.7308,-97.1647,USGS01,HP,,,,,,,,,,,,,,,,,,,,,,,
8842246E,CKNT2,TX,30.2361,-95.4831,TXFSRA,PC,US,UD,TA,MT,XR,VB,PA,MM,UR,UP,RW,,,,,,,,,,,,
8840E484,CKST2,TX,33.6269,-95.0906,TXFSRA,PC,US,UD,TA,MT,XR,VB,PA,MM,UR,UP,RW,,,,,,,,,,,,
DDDFE12A,CLBT2,TX,31.5925,-100.637,USGS01,HG,,,,,,,,,,,,,,,,,,,,,,,
163AE84A,CLCT2,TX,29.5542,-95.0256,USGS01,US,UD,HP,HG,,,,,,,,,,,,,,,,,,,,
DD6FA3E8,CLDT2,TX,30.3364,-95.1039,USGS01,HG,PC,,,,,,,,,,,,,,,,,,,,,,
DE309644,CLRT2,TX,32.3447,-100.919,USGS01,HP,,,,,,,,,,,,,,,,,,,,,,,
DE4C441C,CMHT2,TX,32.2436,-101.311,USGS01,HP,,,,,,,,,,,,,,,,,,,,,,,
0091673A,CMKT2,TX,29.6764,-101,USIBWC,HG,PC,VB,,,,,,,,,,,,,,,,,,,,,
DD5C5212,CMNT2,TX,30.835,-96.9464,USGS01,HG,PC,,,,,,,,,,,,,,,,,,,,,,
170AB136,CMOT2,TX,29.71,-98.1314,USGS01,HG,,,,,,,,,,,,,,,,,,,,,,,
1767660A,CMRT2,TX,29.7089,-98.1333,USGS01,HG,,,,,,,,,,,,,,,,,,,,,,,
DE914A52,CNCT2,TX,29.4883,-99.7044,USGS01,PC,HG,TW,WC,,,,,,,,,,,,,,,,,,,,
DD7972D0,CNLT2,TX,32.6386,-96.485,USGS01,PC,HG,,,,,,,,,,,,,,,,,,,,,,
DD11E126,CNVT2,TX,33.5544,-96.9469,USGS01,HG,,,,,,,,,,,,,,,,,,,,,,,
88428496,COAT2,TX,31.9242,-98.5972,TXFSRA,PC,US,UD,TA,MT,XR,VB,PA,MM,UR,UP,RW,,,,,,,,,,,,
16843550,CODT2,TX,29.16,-96.5461,USGS01,HG,VB,,,,,,,,,,,,,,,,,,,,,,
DD7100E6,COMT2,TX,29.9653,-98.8972,USGS01,HG,VB,,,,,,,,,,,,,,,,,,,,,,
DDCB4376,COPT2,TX,33.3564,-95.5947,USGS01,HG,,,,,,,,,,,,,,,,,,,,,,,
DD7735B2,COTT2,TX,28.4261,-99.2397,USGS01,HG,PC,,,,,,,,,,,,,,,,,,,,,,
CE686F72,COVT2,TX,33.5622,-96.9136,CESWF1,PC,,,,,,,,,,,,,,,,,,,,,,,
3288B58A,CPGT2,TX,30.5181,-95.0947,DAFS00,PC,US,UD,TA,MT,XR,VB,MM,UR,UP,RW,,,,,,,,,,,,,
DE5E609A,CPKT2,TX,32.0489,-98.6458,USGS01,HG,,,,,,,,,,,,,,,,,,,,,,,
DD7D5106,CPPT2,TX,33.4747,-95.5875,USGS01,HG,PC,,,,,,,,,,,,,,,,,,,,,,
DDD67214,CRFT2,TX,31.5556,-97.3561,USGS01,PC,HG,VB,,,,,,,,,,,,,,,,,,,,,
DE47722E,CRHT2,TX,32.0711,-96.4158,USGS01,HP,,,,,,,,,,,,,,,,,,,,,,,
D112350A,CRKT2,TX,31.3383,-95.6561,USGS01,TW,WC,WP,WO,WT,HG,,,,,,,,,,,,,,,,,,
0093E4DA,CRMT2,TX,29.425,-101.04,USIBWC,HG,VB,,,,,,,,,,,,,,,,,,,,,,
178F02C0,CRTT2,TX,31.4067,-95.6017,USGS01,HP,,,,,,,,,,,,,,,,,,,,,,,
FA635744,CSBT2,TX,29.2708,-103.301,NPS003,PC,US,UD,TA,MT,XR,VB,MM,UR,UP,RW,,,,,,,,,,,,,
DE5AE3B4,CSRT2,TX,29.6608,-96.2436,USGS01,HG,PC,HG,,,,,,,,,,,,,,,,,,,,,
1684D6A2,CSTT2,TX,29.1378,-103.524,USGS01,HG,,,,,,,,,,,,,,,,,,,,,,,
DE0BD096,CSVT2,TX,29.7483,-98.4078,USGS01,HG,,,,,,,,,,,,,,,,,,,,,,,
DE380780,CTCT2,TX,33.4989,-95.0514,USGS01,HG,PC,,,,,,,,,,,,,,,,,,,,,,
34528774,CTDT2,TX,28.9667,-98.2456,BURGPR,HP,,,,,,,,,,,,,,,,,,,,,,,
009152A0,CTKT2,TX,29.8767,-100.897,USIBWC,HG,PC,VB,,,,,,,,,,,,,,,,,,,,,
DDC7347A,CTNT2,TX,31.7858,-97.5678,USGS01,PC,HG,HG,,,,,,,,,,,,,,,,,,,,,
DD96923A,CUET2,TX,29.0903,-97.3294,USGS01,HG,PC,,,,,,,,,,,,,,,,,,,,,,
17672500,CUST2,TX,31.86,-94.8231,USGS01,HG,VB,,,,,,,,,,,,,,,,,,,,,,
16F4F5E2,CUTT2,TX,31.9725,-99.13,USGS01,HG,,,,,,,,,,,,,,,,,,,,,,,
17B3165A,CVET2,TX,33.5261,-96.8069,USGS01,HG,PC,,,,,,,,,,,,,,,,,,,,,,
CE274202,CVGT2,TX,32.1814,-97.2558,CESWF1,PC,,,,,,,,,,,,,,,,,,,,,,,
1636492E,CWAT2,TX,28.7742,-95.9975,USGS01,HG,TW,WV,,,,,,,,,,,,,,,,,,,,,
3B009CCA,CWQT2,TX,28.1322,-97.0342,NOAERD,TW,WC,WS,WX,WO,HM,WP,WT,WF,VB,,,,,,,,,,,,,,
1792A6C0,CWRT2,TX,33.4578,-101.084,USGS01,PC,HP,,,,,,,,,,,,,,,,,,,,,,
171895B0,CXPT2,TX,32.1328,-99.1639,USGS01,PC,,,,,,,,,,,,,,,,,,,,,,,
DDCB2690,CYRT2,TX,30.0158,-95.6972,USGS01,HG,,,,,,,,,,,,,,,,,,,,,,,
DD7845B0,DALT2,TX,32.7747,-96.8217,USGS01,PC,HG,TW,WC,WP,WO,WT,,,,,,,,,,,,,,,,,
DD7961A6,DAWT2,TX,31.9575,-96.6892,USGS01,HP,PC,UD,US,,,,,,,,,,,,,,,,,,,,
DDD4B2FE,DBYT2,TX,28.7364,-99.1444,USGS01,HG,PP,,,,,,,,,,,,,,,,,,,,,,
DDE037A0,DCFT2,TX,30.1756,-95.6008,USGS01,HG,,,,,,,,,,,,,,,,,,,,,,,
DD520606,DCGT2,TX,32.9869,-97.0125,USGS01,HG,,,,,,,,,,,,,,,,,,,,,,,
DD131456,DCJT2,TX,33.1189,-97.2903,USGS01,HG,PC,,,,,,,,,,,,,,,,,,,,,,
DDE024D6,DCMT2,TX,35.7511,-102.893,USGS01,PC,HG,PA,TA,,,,,,,,,,,,,,,,,,,,
DD51F18C,DCWT2,TX,33.2778,-97.4169,USGS01,HG,PC,,,,,,,,,,,,,,,,,,,,,,
DE5AD62E,DDBT2,TX,30.3714,-95.7689,USGS01,HG,HG,PC,,,,,,,,,,,,,,,,,,,,,
DE57F3A4,DDET2,TX,33.815,-98.9333,USGS01,PC,HP,,,,,,,,,,,,,,,,,,,,,,
17D8312C,DEET2,TX,32.5736,-100.908,USGS01,HG,,,,,,,,,,,,,,,,,,,,,,,
DD9875A0,DEHT2,TX,29.8511,-95.4878,USGS01,HG,PC,,,,,,,,,,,,,,,,,,,,,,
CE603BA8,DEKT2,TX,33.6839,-94.6942,CESWT1,HG,PC,,,,,,,,,,,,,,,,,,,,,,
8841606A,DENT2,TX,33.005,-94.3578,TXFSRA,PC,US,UD,TA,MT,XR,VB,PA,MM,UR,UP,RW,,,,,,,,,,,,
DDD691E6,DEYT2,TX,30.4072,-96.8172,USGS01,HG,PC,VB,,,,,,,,,,,,,,,,,,,,,
DD0EF35C,DFRT2,TX,29.3736,-99.7042,USGS01,HG,PC,,,,,,,,,,,,,,,,,,,,,,
326C06B4,DGCT2,TX,31.9961,-104.834,BLM001,PC,US,UD,TA,MT,XR,VB,MM,UR,UP,RW,,,,,,,,,,,,,
D108065C,DIBT2,TX,31.1328,-94.8097,USGS01,HG,PC,,,,,,,,,,,,,,,,,,,,,,
DDE207CE,DLBT2,TX,33.4794,-94.6178,USGS01,PC,,,,,,,,,,,,,,,,,,,,,,,
DDDFB156,DLLT2,TX,32.1736,-98.5328,USGS01,HG,PC,,,,,,,,,,,,,,,,,,,,,,
166C42EC,DLMT2,TX,29.51,-98.9011,USGS01,HP,,,,,,,,,,,,,,,,,,,,,,,
0091D4B4,DLRT2,TX,29.3353,-100.928,USIBWC,HG,PC,VB,,,,,,,,,,,,,,,,,,,,,
176D2452,DLWT2,TX,29.4739,-97.3164,USGS01,HG,,,,,,,,,,,,,,,,,,,,,,,
00912430,DMCT2,TX,29.7847,-101.324,USIBWC,HG,PC,VB,,,,,,,,,,,,,,,,,,,,,
1780E7A0,DMYT2,TX,30.3392,-96.9044,USGS01,HG,PC,,,,,,,,,,,,,,,,,,,,,,
16F557E0,DNGT2,TX,30.9725,-97.7783,USGS01,HG,TW,VB,,,,,,,,,,,,,,,,,,,,,
DD960758,DNNT2,TX,32.6156,-97.9256,USGS01,PC,HG,,,,,,,,,,,,,,,,,,,,,,
DD8B53DC,DOET2,TX,33.2192,-96.8917,USGS01,HG,TW,WC,WP,WO,,,,,,,,,,,,,,,,,,,
162AA20C,DOLT2,TX,29.8883,-100.99,USGS01,HG,PC,,,,,,,,,,,,,,,,,,,,,,
17171536,DOST2,TX,32.3167,-96.3592,USGS01,HG,,,,,,,,,,,,,,,,,,,,,,,
3335D360,DRKT2,TX,31.8025,-94.0003,DAFS00,PC,US,UD,TA,MT,XR,VB,MM,UR,UP,RW,,,,,,,,,,,,,
DDECB028,DRWT2,TX,30.0828,-98.0075,USGS01,HG,PC,,,,,,,,,,,,,,,,,,,,,,
DDDFC7C6,DSBT2,TX,32.1139,-98.6053,USGS01,HG,PC,,,,,,,,,,,,,,,,,,,,,,
DDDEE3D0,DSCT2,TX,33.8139,-98.9325,USGS01,HG,PC,TW,,,,,,,,,,,,,,,,,,,,,
CE60A018,DSNT2,TX,33.8181,-96.5722,CESWT1,HP,HT,PC,TA,XR,RW,US,UD,VB,,,,,,,,,,,,,,,
F0047128,DSPT2,TX,33.3094,-94.6981,USGS01,HG,,,,,,,,,,,,,,,,,,,,,,,
32D04B38,DSRT2,TX,30.2186,-98.0844,HAYS48,PC,US,UD,TA,MT,XR,VB,PA,UR,UP,MM,RW,,,,,,,,,,,,
175F27D6,DSTT2,TX,33.8189,-96.5631,USGS01,HG,PC,,,,,,,,,,,,,,,,,,,,,,
DDE1E332,DTTT2,TX,33.6594,-95.2547,USGS01,PC,,,,,,,,,,,,,,,,,,,,,,,
176D02BE,DUPT2,TX,28.6619,-96.9653,USGS01,HG,,,,,,,,,,,,,,,,,,,,,,,
CE68543A,DWHT2,TX,33.4275,-96.4017,CESWF1,PC,,,,,,,,,,,,,,,,,,,,,,,
DDE9D20E,DWLT2,TX,32.8086,-96.7256,USGS01,HG,,,,,,,,,,,,,,,,,,,,,,,
DD5AB12E,DWRT2,TX,32.8892,-96.7564,USGS01,PC,HG,,,,,,,,,,,,,,,,,,,,,,
D1055546,DWST2,TX,31.9383,-96.6811,USGS01,HG,,,,,,,,,,,,,,,,,,,,,,,
DD9F8710,DWYT2,TX,30.3036,-93.7436,USGS01,HG,,,,,,,,,,,,,,,,,,,,,,,
00900026,DYNT2,TX,29.8236,-102.167,USIBWC,HG,PC,VB,,,,,,,,,,,,,,,,,,,,,
DE2277DC,EAMT2,TX,32.8742,-97.4608,USGS01,HP,PC,,,,,,,,,,,,,,,,,,,,,,
DDC990EA,EAST2,TX,31.17,-96.2975,USGS01,PC,HG,,,,,,,,,,,,,,,,,,,,,,
AAAF201C,EAUT2,TX,30.2653,-97.6156,TXFSRA,PC,US,UD,TA,MT,XR,VB,MM,UR,UP,RW,,,,,,,,,,,,,
0091B152,ECCT2,TX,29.5375,-101.103,USIBWC,HG,PC,VB,,,,,,,,,,,,,,,,,,,,,
DF05C62A,ECKT2,TX,28.8197,-97.8589,USGS01,HG,PC,,,,,,,,,,,,,,,,,,,,,,
17696262,EDNT2,TX,28.9597,-96.6861,USGS01,HG,,,,,,,,,,,,,,,,,,,,,,,
32B054AE,EDWT2,TX,30.28,-100.561,BLM001,PC,US,UD,TA,MT,XR,VB,MM,UR,UP,RW,,,,,,,,,,,,,
D1126576,EFDT2,TX,32.8733,-96.9306,USGS01,HG,,,,,,,,,,,,,,,,,,,,,,,
DE4527A6,EFFT2,TX,32.8419,-96.8897,USGS01,HG,,,,,,,,,,,,,,,,,,,,,,,
DDD4C46E,EFLT2,TX,33.0456,-96.9608,USGS01,HG,PC,,,,,,,,,,,,,,,,,,,,,,
DDE0A2C2,EHST2,TX,31.4739,-98.1517,USGS01,PC,,,,,,,,,,,,,,,,,,,,,,,
DD52C318,ELMT2,TX,29.2219,-98.3556,USGS01,PC,HG,TW,WC,WP,WT,WO,,,,,,,,,,,,,,,,,
00912AE2,ELNT2,TX,28.35,-100.32,USIBWC,HG,PC,VB,,,,,,,,,,,,,,,,,,,,,
1794F672,ELTT2,TX,33.9058,-98.9047,USGS01,HG,PC,,,,,,,,,,,,,,,,,,,,,,
176E55CC,ELVT2,TX,32.9606,-98.7667,USGS01,HG,HG,PC,,,,,,,,,,,,,,,,,,,,,
0093F7AC,EMDT2,TX,29.4856,-104.216,USIBWC,HG,VB,,,,,,,,,,,,,,,,,,,,,,
AAC3834A,EMNT2,TX,30.0306,-103.473,BLM001,PC,US,UD,TA,MT,XR,VB,MM,UR,UP,RW,,,,,,,,,,,,,
009216A4,EPPT2,TX,28.7139,-100.507,USIBWC,HG,PC,VB,,,,,,,,,,,,,,,,,,,,,
00900EF4,EPRT2,TX,31.8028,-106.54,USIBWC,HG,PC,VB,,,,,,,,,,,,,,,,,,,,,
CD008620,ERGT2,TX,26.5258,-98.0633,NOACRD,DY,DJ,XR,PC,PC,PC,US,UP,TV,MS,TV,MS,TV,MS,TV,MS,TV,MS,RW,DH,TA,PP,PC,
DE33914A,ERMT2,TX,32.6033,-97.2647,USGS01,HG,,,,,,,,,,,,,,,,,,,,,,,
17D63544,ERST2,TX,34.1694,-102.402,USGS01,PC,HB,,,,,,,,,,,,,,,,,,,,,,
DDCA11F0,EVDT2,TX,30.3556,-94.0931,USGS01,PC,HG,,,,,,,,,,,,,,,,,,,,,,
DE30E0D4,EVST2,TX,31.8794,-100.517,USGS01,HP,,,,,,,,,,,,,,,,,,,,,,,
DE33C136,EWAT2,TX,29.6467,-98.4064,USGS01,HG,PC,,,,,,,,,,,,,,,,,,,,,,
17BAB0FE,FACT2,TX,28.9514,-98.0639,USGS01,HG,,,,,,,,,,,,,,,,,,,,,,,
837184CC,FADT2,TX,29.7072,-94.1211,FWSBID,PC,US,UD,TA,MT,XR,VB,MM,UR,UP,RW,,,,,,,,,,,,,
167452A2,FAFT2,TX,27.2642,-98.1356,USGS01,HG,,,,,,,,,,,,,,,,,,,,,,,
009255AE,FALT2,TX,26.5581,-99.1631,USIBWC,HP,VB,,,,,,,,,,,,,,,,,,,,,,
8375C2FC,FART2,TX,26.5547,-99.1356,FWSBID,PC,US,UD,TA,MT,XR,VB,MM,UR,UP,RW,,,,,,,,,,,,,
DDECF322,FBBT2,TX,30.3006,-97.6856,USGS01,HG,,,,,,,,,,,,,,,,,,,,,,,
1748E762,FBKT2,TX,35.7208,-101.662,USGS01,PC,HG,,,,,,,,,,,,,,,,,,,,,,
CE68499E,FBTT2,TX,33.4661,-97.5825,CESWF1,PC,,,,,,,,,,,,,,,,,,,,,,,
DE93B1F0,FCCT2,TX,31.2147,-97.7942,USGS01,HG,HG,PC,,,,,,,,,,,,,,,,,,,,,
DE93BF22,FCJT2,TX,31.2486,-97.8378,USGS01,HG,HG,PC,,,,,,,,,,,,,,,,,,,,,
DD5AF224,FCTT2,TX,29.0139,-97.93,USGS01,HG,,,,,,,,,,,,,,,,,,,,,,,
17241448,FCWT2,TX,30.2578,-95.5636,USGS01,HG,VB,,,,,,,,,,,,,,,,,,,,,,
8841B602,FDST2,TX,30.6006,-103.887,TXFSRA,PC,US,UD,TA,MT,XR,VB,MM,UR,UP,RW,,,,,,,,,,,,,
D107C5D0,FEST2,TX,31.5067,-96.3244,USGS01,HG,PC,,,,,,,,,,,,,,,,,,,,,,
DE4DC0F2,FFLT2,TX,32.0403,-96.2064,USGS01,HP,US,UD,VB,PC,,,,,,,,,,,,,,,,,,,
DE912166,FHCT2,TX,31.3231,-97.7575,USGS01,HG,HG,PC,,,,,,,,,,,,,,,,,,,,,
DE93AC54,FHGT2,TX,31.1647,-97.8781,USGS01,HG,HG,PC,,,,,,,,,,,,,,,,,,,,,
DE93A286,FHHT2,TX,31.1853,-97.8086,USGS01,HG,HG,PC,,,,,,,,,,,,,,,,,,,,,
DE914480,FILT2,TX,29.7228,-99.7533,USGS01,HG,PC,HG,,,,,,,,,,,,,,,,,,,,,
DD75603A,FLVT2,TX,29.11,-98.1744,USGS01,HG,PC,,,,,,,,,,,,,,,,,,,,,,
17141238,FLWT2,TX,32.7892,-97.4161,USGS01,PC,HP,,,,,,,,,,,,,,,,,,,,,,
DE4056F6,FNYT2,TX,32.7742,-96.5033,USGS01,HG,,,,,,,,,,,,,,,,,,,,,,,
0090A0DE,FQGT2,TX,31.0861,-105.608,USIBWC,HG,PC,VB,,,,,,,,,,,,,,,,,,,,,
176EC0AE,FRBT2,TX,30.2203,-98.8694,USGS01,HG,PC,HG,,,,,,,,,,,,,,,,,,,,,
DE906E44,FRHT2,TX,32.8,-96.4958,USGS01,HP,,,,,,,,,,,,,,,,,,,,,,,
AAC373CE,FRKT2,TX,32.7689,-101.434,TXFSRA,PC,US,UD,TA,MT,XR,VB,MM,UR,UP,RW,,,,,,,,,,,,,
DE909EC0,FRLT2,TX,29.7989,-96.5319,USGS01,HG,,,,,,,,,,,,,,,,,,,,,,,
DD774322,FRRT2,TX,27.9647,-98.9667,USGS01,HG,PC,VB,,,,,,,,,,,,,,,,,,,,,
DD73A5EA,FRZT2,TX,34.4742,-102.733,USGS01,PC,,,,,,,,,,,,,,,,,,,,,,,
DD55C12C,FSBT2,TX,30.7194,-98.2281,USGS01,HG,PC,,,,,,,,,,,,,,,,,,,,,,
DD9AC3DA,FWHT2,TX,32.7322,-97.3586,USGS01,HG,PC,,,,,,,,,,,,,,,,,,,,,,
DD8970C4,FWOT2,TX,32.7608,-97.3322,USGS01,HG,PC,UD,US,TA,XR,PA,PC,,,,,,,,,,,,,,,,
DD1141DE,GABT2,TX,29.9336,-95.2339,USGS01,HG,VB,,,,,,,,,,,,,,,,,,,,,,
DD9FD76C,GAST2,TX,31.4347,-97.7583,USGS01,HG,PC,,,,,,,,,,,,,,,,,,,,,,
DD2FB342,GBCT2,TX,29.6978,-98.1064,USGS01,HG,,,,,,,,,,,,,,,,,,,,,,,
17BFD2D8,GBHT2,TX,29.9181,-95.3067,USGS01,HG,,,,,,,,,,,,,,,,,,,,,,,
171C600E,GBLT2,TX,29.8369,-95.2331,USGS01,HG,,,,,,,,,,,,,,,,,,,,,,,
DDE05246,GBYT2,TX,32.3742,-97.6889,USGS01,PC,HP,,,,,,,,,,,,,,,,,,,,,,
17D08604,GBZT2,TX,32.3864,-97.6522,USGS01,HG,,,,,,,,,,,,,,,,,,,,,,,
17B3D344,GCCT2,TX,29.5392,-98.7514,USGS01,PC,HG,,,,,,,,,,,,,,,,,,,,,,
1717A6B8,GCGT2,TX,29.9489,-95.5194,USGS01,HG,,,,,,,,,,,,,,,,,,,,,,,
DE5A65A0,GCRT2,TX,31.5425,-100.555,USGS01,HG,,,,,,,,,,,,,,,,,,,,,,,
DE5962AE,GCST2,TX,29.5906,-97.9347,USGS01,HG,HG,,,,,,,,,,,,,,,,,,,,,,
17AB1562,GCTT2,TX,29.9878,-99.11,USGS01,HG,,,,,,,,,,,,,,,,,,,,,,,
FA61E13E,GDBT2,TX,31.925,-104.825,NPS003,PC,US,UD,TA,MT,XR,VB,MM,UR,UP,RW,,,,,,,,,,,,,
17D643D4,GDHT2,TX,29.3144,-97.3033,USGS01,HG,HG,PC,,,,,,,,,,,,,,,,,,,,,
174AE296,GDWT2,TX,32.5269,-94.96,USGS01,HG,,,,,,,,,,,,,,,,,,,,,,,
8840219A,GELT2,TX,33.0353,-96.1639,TXFSRA,PC,US,UD,TA,MT,XR,VB,PA,MM,UR,UP,RW,,,,,,,,,,,,
DD042466,GERT2,TX,30.6617,-97.7111,USGS01,VB,HG,,,,,,,,,,,,,,,,,,,,,,
DE9114FC,GETT2,TX,30.6256,-97.6908,USGS01,HG,PC,,,,,,,,,,,,,,,,,,,,,,
DE33D240,GFTT2,TX,32.8581,-98.4114,USGS01,HG,,,,,,,,,,,,,,,,,,,,,,,
DD77A0D0,GGLT2,TX,30.6675,-97.7272,USGS01,HP,PC,UD,US,,,,,,,,,,,,,,,,,,,,
175EB04E,GGRT2,TX,30.6942,-97.2786,USGS01,HG,,,,,,,,,,,,,,,,,,,,,,,
17BDF1C0,GIVT2,TX,31.1131,-102.417,USGS01,HG,PC,TW,,,,,,,,,,,,,,,,,,,,,
DD7726C4,GLIT2,TX,28.6492,-97.3847,USGS01,HG,TW,WC,WP,WT,WO,,,,,,,,,,,,,,,,,,
176A2666,GLLT2,TX,33.6242,-97.1561,USGS01,PC,HG,,,,,,,,,,,,,,,,,,,,,,
88400776,GLMT2,TX,32.7017,-94.9447,TXFSRA,PC,US,UD,TA,MT,XR,VB,PA,MM,UR,UP,RW,,,,,,,,,,,,
16396782,GLNT2,TX,32.72,-95.635,USGS01,HG,,,,,,,,,,,,,,,,,,,,,,,
DD7776B8,GLRT2,TX,32.2589,-97.7022,USGS01,HG,PC,,,,,,,,,,,,,,,,,,,,,,
1719E1DA,GLTT2,TX,32.7883,-97.1397,USGS01,HG,PC,,,,,,,,,,,,,,,,,,,,,,
DDD9A2EE,GNDT2,TX,29.0719,-96.4681,USGS01,HG,VB,,,,,,,,,,,,,,,,,,,,,,
DD77B3A6,GNGT2,TX,30.6928,-97.3261,USGS01,HP,PC,UD,US,,,,,,,,,,,,,,,,,,,,
DD9FB28A,GNLT2,TX,29.4842,-97.45,USGS01,PC,HG,,,,,,,,,,,,,,,,,,,,,,
F00457C4,GNRT2,TX,30.6978,-97.8492,USGS01,HG,,,,,,,,,,,,,,,,,,,,,,,
1650709A,GNST2,TX,30.9475,-103.789,USGS01,HG,,,,,,,,,,,,,,,,,,,,,,,
1730730A,GNVT2,TX,33.1328,-96.0767,USGS01,HG,HG,,,,,,,,,,,,,,,,,,,,,,
DD00215C,GPAT2,TX,32.7497,-96.9261,USGS01,HG,,,,,,,,,,,,,,,,,,,,,,,
173781BA,GPET2,TX,32.7319,-96.9431,USGS01,HP,PC,,,,,,,,,,,,,,,,,,,,,,
CE27871C,GPNT2,TX,32.9494,-97.0553,CESWF1,XR,TA,RW,PC,US,UP,UD,UR,PA,,,,,,,,,,,,,,,
DDD4A188,GPRT2,TX,32.7625,-96.9944,USGS01,HG,PC,TW,WC,WP,WO,WT,,,,,,,,,,,,,,,,,
DD7024F0,GPVT2,TX,32.9725,-97.0561,USGS01,HP,PC,UD,US,,,,,,,,,,,,,,,,,,,,
D100118C,GQQT2,TX,32.3,-97.7867,USGS01,HP,,,,,,,,,,,,,,,,,,,,,,,
DE4A92BA,GRET2,TX,35.0006,-100.894,USGS01,HP,PC,,,,,,,,,,,,,,,,,,,,,,
DDE2A736,GRHT2,TX,30.0694,-99.195,USGS01,HG,,,,,,,,,,,,,,,,,,,,,,,
DDD97486,GRIT2,TX,30.5719,-94.9486,USGS01,HG,,,,,,,,,,,,,,,,,,,,,,,
177B3074,GROT2,TX,32.2314,-97.7769,USGS01,HG,HG,PC,,,,,,,,,,,,,,,,,,,,,
DD5AC7BE,GRST2,TX,31.5742,-96.5206,USGS01,HG,PC,,,,,,,,,,,,,,,,,,,,,,
DDED34C6,GRTT2,TX,29.8036,-98.1631,USGS01,HG,PC,,,,,,,,,,,,,,,,,,,,,,
88412360,GRYT2,TX,32.4469,-97.8169,TXFSRA,PC,US,UD,TA,MT,XR,VB,PA,MM,UR,UP,RW,,,,,,,,,,,,
DE4BE6D0,GSET2,TX,29.7706,-94.9994,USGS01,HG,,,,,,,,,,,,,,,,,,,,,,,
DE3101DC,GSRT2,TX,35.1131,-101.187,USGS01,PC,,,,,,,,,,,,,,,,,,,,,,,
1769B40A,GSST2,TX,29.6725,-95.5281,USGS01,HG,,,,,,,,,,,,,,,,,,,,,,,
CE5C147A,GSVT2,TX,33.7278,-97.1597,CESWT1,HG,PC,,,,,,,,,,,,,,,,,,,,,,
D109D2CE,GTWT2,TX,30.7031,-97.6661,USGS01,PC,HG,,,,,,,,,,,,,,,,,,,,,,
DDED943E,GUBT2,TX,29.8936,-98.6697,USGS01,HG,HG,PC,,,,,,,,,,,,,,,,,,,,,
CE6861A0,GUNT2,TX,33.3694,-96.7631,CESWF1,PC,,,,,,,,,,,,,,,,,,,,,,,
8841058C,GUPT2,TX,29.8594,-98.5053,TXFSRA,PC,US,UD,TA,MT,XR,VB,MM,UP,UR,RW,,,,,,,,,,,,,
17B6C7F2,GWGT2,TX,29.4875,-97.5875,USGS01,HG,HG,PC,,,,,,,,,,,,,,,,,,,,,
DE3112AA,GWLT2,TX,28.0594,-98.0967,USGS01,HG,,,,,,,,,,,,,,,,,,,,,,,
884032EC,GWRT2,TX,28.4658,-98.2525,TXFSRA,PC,US,UD,TA,MT,XR,VB,MM,UR,UP,RW,,,,,,,,,,,,,
DD1111A2,HABT2,TX,29.8617,-95.3347,USGS01,HG,,,,,,,,,,,,,,,,,,,,,,,
0092F556,HAGT2,TX,26.1733,-97.6836,USIBWC,HG,VB,,,,,,,,,,,,,,,,,,,,,,
DDE281DA,HAKT2,TX,32.5597,-95.2064,USGS01,HG,,,,,,,,,,,,,,,,,,,,,,,
DE4A44D2,HAWT2,TX,32.5961,-99.6803,USGS01,HP,,,,,,,,,,,,,,,,,,,,,,,
17AAF46A,HBMT2,TX,29.6969,-95.4119,USGS01,HG,,,,,,,,,,,,,,,,,,,,,,,
DE58B63C,HBRT2,TX,30.865,-96.6953,USGS01,HG,HG,PC,,,,,,,,,,,,,,,,,,,,,
8841D3E4,HBYT2,TX,32.5,-99.6167,TXFSRA,PC,US,UD,TA,MT,XR,VB,MM,UR,UP,RW,,,,,,,,,,,,,
D1088048,HCCT2,TX,29.5172,-95.1783,USGS01,HG,,,,,,,,,,,,,,,,,,,,,,,
1732006E,HCDT2,TX,29.9725,-94.9856,USGS01,HG,,,,,,,,,,,,,,,,,,,,,,,
DD1152A8,HCHT2,TX,29.9589,-95.7175,USGS01,HG,VB,,,,,,,,,,,,,,,,,,,,,,
DE12E4CE,HCLT2,TX,32.8314,-98.9675,USGS01,TW,WC,WP,PC,,,,,,,,,,,,,,,,,,,,
D107765E,HCRT2,TX,32.8314,-98.9675,USGS01,HP,,,,,,,,,,,,,,,,,,,,,,,
1685A2C8,HCST2,TX,29.6186,-95.4458,USGS01,HG,,,,,,,,,,,,,,,,,,,,,,,
17B26230,HCYT2,TX,32.8072,-97.2483,USGS01,HG,PC,,,,,,,,,,,,,,,,,,,,,,
DD7A1038,HDCT2,TX,31.8467,-99.4247,USGS01,HG,,,,,,,,,,,,,,,,,,,,,,,
88413016,HDRT2,TX,32.1367,-94.8475,TXFSRA,PC,US,UD,TA,MT,XR,VB,PA,MM,UR,UP,RW,,,,,,,,,,,,
DDCE625A,HDWT2,TX,29.5014,-98.1861,USGS01,HG,PC,,,,,,,,,,,,,,,,,,,,,,
DDE2B440,HEIT2,TX,29.4439,-98.1689,USGS01,HG,PC,,,,,,,,,,,,,,,,,,,,,,
D107E33C,HFFT2,TX,30.1094,-95.0597,USGS01,HG,VB,,,,,,,,,,,,,,,,,,,,,,
DE12144A,HFXT2,TX,30.0056,-97.9525,USGS01,HG,PC,VB,,,,,,,,,,,,,,,,,,,,,
17AAA416,HGBT2,TX,29.9567,-95.4178,USGS01,HG,,,,,,,,,,,,,,,,,,,,,,,
17BDC45A,HGTT2,TX,29.775,-95.3969,USGS01,HG,,,,,,,,,,,,,,,,,,,,,,,
CE5A92A0,HHHT2,TX,31.8456,-99.5606,CESWF1,PC,UD,US,UP,TA,XR,PA,RW,,,,,,,,,,,,,,,,
DD0411FC,HIBT2,TX,31.1339,-96.8247,USGS01,HG,PC,HG,,,,,,,,,,,,,,,,,,,,,
DE39609C,HICT2,TX,31.9764,-98.0325,USGS01,HG,,,,,,,,,,,,,,,,,,,,,,,
DD783320,HIKT2,TX,33.1517,-97.1417,USGS01,HG,,,,,,,,,,,,,,,,,,,,,,,
8373D144,HILT2,TX,29.6692,-94.4383,FWSBID,PC,US,UD,TA,MT,XR,VB,MM,UR,UP,RW,,,,,,,,,,,,,
DE6BB742,HLBT2,TX,30.8794,-96.6403,USGS01,HG,HG,PC,,,,,,,,,,,,,,,,,,,,,
DDE257B2,HLCT2,TX,34.9356,-100.696,USGS01,HG,PC,,,,,,,,,,,,,,,,,,,,,,
DD5B005A,HLTT2,TX,29.5783,-98.6914,USGS01,HG,,,,,,,,,,,,,,,,,,,,,,,
1780B7DC,HMLT2,TX,31.7886,-98.1211,USGS01,HG,PC,,,,,,,,,,,,,,,,,,,,,,
173A7258,HMMT2,TX,30.0269,-95.2578,USGS01,HG,TW,WC,WP,WT,WO,,,,,,,,,,,,,,,,,,
DE9250F8,HNFT2,TX,30.0639,-99.3867,USGS01,HG,,,,,,,,,,,,,,,,,,,,,,,
DE5185FA,HNTT2,TX,30.0689,-99.3231,USGS01,HG,PC,,,,,,,,,,,,,,,,,,,,,,
DD117444,HOCT2,TX,29.9208,-95.84,USGS01,PC,HG,,,,,,,,,,,,,,,,,,,,,,
DD3D84B2,HORT2,TX,31.8328,-99.5606,USGS01,HP,PC,TA,,,,,,,,,,,,,,,,,,,,,
DE36660E,HOST2,TX,29.7592,-98.1397,USGS01,HG,,,,,,,,,,,,,,,,,,,,,,,
D10863BA,HPDT2,TX,30.1289,-96.1875,USGS01,PC,HG,,,,,,,,,,,,,,,,,,,,,,
DDDCD3BE,HPOT2,TX,29.7492,-95.2908,USGS01,HG,,,,,,,,,,,,,,,,,,,,,,,
1735C744,HSIT2,TX,29.6742,-95.2892,USGS01,PC,HG,,,,,,,,,,,,,,,,,,,,,,
17BF54CC,HSJT2,TX,29.9161,-95.1411,USGS01,HP,PC,,,,,,,,,,,,,,,,,,,,,,
DD0FE2D0,HSLT2,TX,31.9578,-98.4589,USGS01,HG,,,,,,,,,,,,,,,,,,,,,,,
DDDD145A,HTAT2,TX,33.8267,-98.2397,USGS01,PC,HG,,,,,,,,,,,,,,,,,,,,,,
1669E5D4,HTBT2,TX,34.8131,-102.39,USGS01,PC,,,,,,,,,,,,,,,,,,,,,,,
17488284,HTGT2,TX,29.7931,-95.2678,USGS01,HG,,,,,,,,,,,,,,,,,,,,,,,
172BD7C4,HTST2,TX,29.4431,-96.9447,USGS01,HG,PC,,,,,,,,,,,,,,,,,,,,,,
88414686,HTVT2,TX,30.7356,-95.6361,TXFSRA,PC,US,UD,TA,MT,XR,VB,MM,UR,UP,RW,,,,,,,,,,,,,
17667786,HTWT2,TX,33.8128,-98.0847,USGS01,HG,,,,,,,,,,,,,,,,,,,,,,,
DDE244C4,HUGT2,TX,32.9811,-94.6533,USGS01,PC,,,,,,,,,,,,,,,,,,,,,,,
32B07242,HVLT2,TX,27.3528,-98.7439,TXFSRA,PC,US,UD,TA,MT,XR,VB,MM,UR,UP,RW,,,,,,,,,,,,,
DE2227A0,HWLT2,TX,32.5986,-99.8144,USGS01,HG,HG,PC,,,,,,,,,,,,,,,,,,,,,
32D01B44,HWWT2,TX,30.0467,-98.2008,HAYS48,PC,US,UD,TA,MT,XR,VB,PA,UR,UP,MM,RW,,,,,,,,,,,,
17AB8000,ICFT2,TX,33.225,-96.3731,USGS01,HG,,,,,,,,,,,,,,,,,,,,,,,
D1085620,ICRT2,TX,33.0269,-96.9172,USGS01,HG,,,,,,,,,,,,,,,,,,,,,,,
DDDD32B6,IPRT2,TX,33.9867,-98.7517,USGS01,PC,HP,,,,,,,,,,,,,,,,,,,,,,
173DA604,IPWT2,TX,33.8969,-98.7072,USGS01,HG,PC,,,,,,,,,,,,,,,,,,,,,,
17D686CA,IRAT2,TX,32.5392,-101.055,USGS01,HG,HG,PC,,,,,,,,,,,,,,,,,,,,,
DD11B15A,IRNT2,TX,31.9781,-96.8733,USGS01,HG,,,,,,,,,,,,,,,,,,,,,,,
15006548,IRRT2,TX,30.8997,-101.751,NWSSRH,PC,VB,,,,,,,,,,,,,,,,,,,,,,
8840F7F2,IVET2,TX,31.5061,-99.6594,TXFSRA,PC,US,UD,TA,MT,XR,VB,PA,MM,UR,UP,RW,,,,,,,,,,,,
171B14AA,JAKT2,TX,33.2917,-98.0803,USGS01,HG,PP,,,,,,,,,,,,,,,,,,,,,,
17D8225A,JBGT2,TX,32.6286,-101.285,USGS01,HG,,,,,,,,,,,,,,,,,,,,,,,
DE4C21FA,JBTT2,TX,32.5931,-101.304,USGS01,HP,,,,,,,,,,,,,,,,,,,,,,,
DE913210,JCIT2,TX,30.1,-99.2828,USGS01,HG,PC,,,,,,,,,,,,,,,,,,,,,,
AAC432F0,JCRT2,TX,33.2219,-98.1583,BLM001,PC,US,UD,TA,MT,XR,VB,MM,UR,UP,RW,,,,,,,,,,,,,
16F63508,JCTT2,TX,30.5172,-99.8058,USGS01,TA,PC,HG,,,,,,,,,,,,,,,,,,,,,
32D0CD2C,JCWT2,TX,29.9506,-97.3711,BASTRP,PC,US,UD,TA,MT,XR,VB,MM,UR,UP,RW,,,,,,,,,,,,,
17D774B4,JEFT2,TX,32.7778,-94.3572,USGS01,HG,PC,,,,,,,,,,,,,,,,,,,,,,
D109C1B8,JFET2,TX,32.7494,-94.4986,USGS01,HG,,,,,,,,,,,,,,,,,,,,,,,
17809130,JFFT2,TX,32.7128,-94.3458,USGS01,HG,PC,,,,,,,,,,,,,,,,,,,,,,
DD9825DC,JFNT2,TX,32.755,-94.4992,USGS01,PC,HP,,,,,,,,,,,,,,,,,,,,,,
32B047D8,JJYT2,TX,33.2325,-100.568,TXFSRA,PC,US,UD,TA,MT,XR,VB,MM,UR,UP,RW,,,,,,,,,,,,,
170E216E,JKST2,TX,31.9764,-95.1606,USGS01,HG,PC,,,,,,,,,,,,,,,,,,,,,,
DE917FC8,JNCT2,TX,30.5042,-99.7342,USGS01,HG,PC,,,,,,,,,,,,,,,,,,,,,,
00901D82,JNXT2,TX,30.1192,-101.169,USIBWC,HG,PC,VB,,,,,,,,,,,,,,,,,,,,,
17D804B6,JOCT2,TX,30.2917,-98.3992,USGS01,HG,PC,,,,,,,,,,,,,,,,,,,,,,
DD782056,JPLT2,TX,32.6433,-97.0008,USGS01,UD,US,HP,PC,,,,,,,,,,,,,,,,,,,,
DF0780D4,JSLT2,TX,30.4789,-99.7781,USGS01,HG,,,,,,,,,,,,,,,,,,,,,,,
DDC9A570,JSPT2,TX,31.0606,-94.1058,USGS01,HP,UD,US,,,,,,,,,,,,,,,,,,,,,
176E46BA,JTBT2,TX,33.0383,-101.197,USGS01,HG,PC,,,,,,,,,,,,,,,,,,,,,,
DD981046,JWMT2,TX,30.0344,-98.1261,USGS01,HG,TW,,,,,,,,,,,,,,,,,,,,,,
DE3F83A0,JWRT2,TX,30.8736,-94.0167,USGS01,PC,,,,,,,,,,,,,,,,,,,,,,,
1655775A,KAFT2,TX,32.5561,-96.3389,USGS01,PC,HG,,,,,,,,,,,,,,,,,,,,,,
D1036012,KAVT2,TX,30.8344,-100.094,USGS01,HG,HG,,,,,,,,,,,,,,,,,,,,,,
17DBE04A,KBWT2,TX,30.2125,-97.8289,USGS01,HG,,,,,,,,,,,,,,,,,,,,,,,
DE4A623E,KBYT2,TX,32.3856,-99.7317,USGS01,HP,,,,,,,,,,,,,,,,,,,,,,,
328B9468,KCPT2,TX,29.6092,-100.473,TXFSRA,PC,US,UD,TA,MT,XR,VB,MM,UR,UP,RW,,,,,,,,,,,,,
DE912FB4,KEMT2,TX,31.0792,-98.0164,USGS01,HG,PC,,,,,,,,,,,,,,,,,,,,,,
DD7462C0,KHOT2,TX,29.95,-95.8081,USGS01,HG,VB,,,,,,,,,,,,,,,,,,,,,,
DDD1D0D8,KIVT2,TX,27.5258,-97.8672,USGS01,HG,PC,,,,,,,,,,,,,,,,,,,,,,
162D86D4,KLDT2,TX,34.395,-100.056,USGS01,PC,,,,,,,,,,,,,,,,,,,,,,,
DDE9E794,KLGT2,TX,32.3881,-94.9031,USGS01,HG,,,,,,,,,,,,,,,,,,,,,,,
DDE26228,KMPT2,TX,32.5033,-96.1125,USGS01,HG,,,,,,,,,,,,,,,,,,,,,,,
173574CA,KNBT2,TX,31.2739,-100.631,USGS01,HG,,,,,,,,,,,,,,,,,,,,,,,
88408162,KNFT2,TX,30.105,-94.9314,TXFSRA,PC,US,UD,TA,MT,XR,VB,PA,MM,UR,UP,RW,,,,,,,,,,,,
17D7F2A0,KNLT2,TX,30.5575,-98.4719,USGS01,PC,HG,,,,,,,,,,,,,,,,,,,,,,
176345DC,KNRT2,TX,31.4894,-95.1353,USGS01,PC,,,,,,,,,,,,,,,,,,,,,,,
DDD1B53E,KOUT2,TX,30.3978,-94.2633,USGS01,HG,PC,,,,,,,,,,,,,,,,,,,,,,
884155F0,KRBT2,TX,30.4333,-93.8833,TXFSRA,PC,US,UD,TA,MT,XR,VB,PA,MM,UR,UP,RW,,,,,,,,,,,,
32D03DA8,KRET2,TX,29.9983,-97.8206,HAYS48,PC,US,UD,TA,MT,XR,VB,PA,UR,UP,MM,RW,,,,,,,,,,,,
DD6F66F6,KRRT2,TX,30.0531,-99.1631,USGS01,HG,,,,,,,,,,,,,,,,,,,,,,,
DDF97568,KTNT2,TX,35.4731,-100.121,USGS01,PC,HG,,,,,,,,,,,,,,,,,,,,,,
DD79543C,KWHT2,TX,29.3761,-99.1167,USGS01,HG,PC,,,,,,,,,,,,,,,,,,,,,,
DDED122A,KYET2,TX,29.9792,-97.9097,USGS01,HG,HG,PC,,,,,,,,,,,,,,,,,,,,,
DE6AA6CE,LACT2,TX,29.3239,-98.8128,USGS01,HG,HG,,,,,,,,,,,,,,,,,,,,,,
DDE04130,LADT2,TX,33.415,-95.9408,USGS01,PC,,,,,,,,,,,,,,,,,,,,,,,
171503B4,LART2,TX,32.7161,-97.1922,USGS01,HP,PC,,,,,,,,,,,,,,,,,,,,,,
32D0A8CA,LATT2,TX,30.3342,-97.3242,BASTRP,PC,US,UD,TA,XR,MT,VB,MM,UR,UP,RW,,,,,,,,,,,,,
DDED64BA,LBFT2,TX,30.0208,-98.3306,USGS01,HG,PC,HG,,,,,,,,,,,,,,,,,,,,,
326B54FC,LBJT2,TX,33.2828,-97.6319,DAFS00,PC,US,UD,TA,MT,XR,VB,MM,UR,UP,RW,,,,,,,,,,,,,
DD3DC7B8,LBWT2,TX,31.8369,-99.0036,USGS01,TA,PC,HP,,,,,,,,,,,,,,,,,,,,,
D107F04A,LBYT2,TX,30.0575,-94.8181,USGS01,HG,PC,,,,,,,,,,,,,,,,,,,,,,
DDDCE624,LCAT2,TX,29.8356,-95.6256,USGS01,HG,,,,,,,,,,,,,,,,,,,,,,,
CE24D06E,LCBT2,TX,36.2386,-100.275,CESWT1,HG,PC,,,,,,,,,,,,,,,,,,,,,,
DE5AC558,LCFT2,TX,29.5931,-98.5992,USGS01,HG,,,,,,,,,,,,,,,,,,,,,,,
DE45123C,LCJT2,TX,33.2433,-98.1197,USGS01,HP,,,,,,,,,,,,,,,,,,,,,,,
DE22123A,LCKT2,TX,30.2739,-97.8444,USGS01,HG,,,,,,,,,,,,,,,,,,,,,,,
17B244DC,LCLT2,TX,32.2889,-97.415,USGS01,HP,,,,,,,,,,,,,,,,,,,,,,,
DDED015C,LCOT2,TX,30.4842,-97.72,USGS01,HG,,,,,,,,,,,,,,,,,,,,,,,
DE30F3A2,LCPT2,TX,29.9228,-97.6789,USGS01,HG,,,,,,,,,,,,,,,,,,,,,,,
DE6C06F8,LCRT2,TX,32.3692,-94.6686,USGS01,HP,,,,,,,,,,,,,,,,,,,,,,,
DD349198,LCST2,TX,33.0661,-95.1589,USGS01,HP,PC,,,,,,,,,,,,,,,,,,,,,,
DE91819E,LCTT2,TX,30.3583,-95.5608,USGS01,HG,HP,,,,,,,,,,,,,,,,,,,,,,
0090ED06,LDOT2,TX,27.5014,-99.5036,USIBWC,HG,PC,VB,,,,,,,,,,,,,,,,,,,,,
17B2C2C8,LECT2,TX,29.4478,-98.6336,USGS01,HG,PC,VB,,,,,,,,,,,,,,,,,,,,,
1628C21E,LEFT2,TX,35.4419,-100.812,USGS01,US,UD,TA,XR,PA,PC,,,,,,,,,,,,,,,,,,
DE4913A0,LEUT2,TX,32.795,-99.6056,USGS01,HG,PC,,,,,,,,,,,,,,,,,,,,,,
DD95F0D2,LEWT2,TX,33.0692,-96.9642,USGS01,HP,PC,UD,US,,,,,,,,,,,,,,,,,,,,
DE4AA720,LFKT2,TX,32.8133,-95.5111,USGS01,HP,PC,VB,,,,,,,,,,,,,,,,,,,,,
88424188,LGNT2,TX,29.9075,-96.86,TXFSRA,PC,US,UD,TA,MT,XR,VB,PA,MM,UR,UP,RW,,,,,,,,,,,,
DD1B53FA,LGRT2,TX,29.9122,-96.9036,USGS01,HG,PC,HG,,,,,,,,,,,,,,,,,,,,,
DE4A7148,LHPT2,TX,33.0628,-101.047,USGS01,HP,PC,,,,,,,,,,,,,,,,,,,,,,
DD359362,LIVT2,TX,30.7161,-94.9586,USGS01,PC,HG,,,,,,,,,,,,,,,,,,,,,,
16622362,LJKT2,TX,31.9472,-95.2981,USGS01,HP,,,,,,,,,,,,,,,,,,,,,,,
DD35C31E,LKCT2,TX,32.03,-99.465,USGS01,HP,PC,TA,,,,,,,,,,,,,,,,,,,,,
DDD8650A,LKPT2,TX,30.4656,-97.7878,USGS01,HG,,,,,,,,,,,,,,,,,,,,,,,
DDCB5000,LKST2,TX,29.3297,-98.5839,USGS01,HG,PC,,,,,,,,,,,,,,,,,,,,,,
D101F084,LKWT2,TX,29.8086,-95.3131,USGS01,HG,,,,,,,,,,,,,,,,,,,,,,,
17D7D44C,LLAT2,TX,30.7511,-98.6694,USGS01,HG,PC,,,,,,,,,,,,,,,,,,,,,,
DE4C1460,LLET2,TX,32.3636,-98.6753,USGS01,HP,PC,,,,,,,,,,,,,,,,,,,,,,
DD6F7580,LLGT2,TX,29.6661,-97.6506,USGS01,HG,PC,VB,,,,,,,,,,,,,,,,,,,,,
DDD4E282,LLMT2,TX,31.3844,-96.3186,USGS01,HP,,,,,,,,,,,,,,,,,,,,,,,
D112439A,LLST2,TX,31.325,-96.3189,USGS01,PC,HP,,,,,,,,,,,,,,,,,,,,,,
DDD193D2,LLYT2,TX,29.8669,-95.6464,USGS01,HG,PC,,,,,,,,,,,,,,,,,,,,,,
DDD4D718,LMCT2,TX,29.0706,-96.4169,USGS01,HG,VB,,,,,,,,,,,,,,,,,,,,,,
1767B062,LMGT2,TX,33.1344,-98.6133,USGS01,HP,PC,,,,,,,,,,,,,,,,,,,,,,
32B082C6,LMJT2,TX,31.7592,-94.6581,BLM001,PC,US,UD,TA,MT,XR,VB,MM,UR,UP,RW,,,,,,,,,,,,,
1714B2C0,LMKT2,TX,27.5756,-99.5058,USGS01,HG,,,,,,,,,,,,,,,,,,,,,,,
32B06134,LMNT2,TX,29.8239,-99.5994,BLM001,PC,US,UD,TA,MT,XR,VB,MM,UR,UP,RW,,,,,,,,,,,,,
DE1481E6,LMTT2,TX,32.2617,-94.5731,USGS01,HP,,,,,,,,,,,,,,,,,,,,,,,
1748310A,LMVT2,TX,32.0344,-94.4208,USGS01,HP,,,,,,,,,,,,,,,,,,,,,,,
1687C2DA,LNCT2,TX,31.5886,-94.8253,USGS01,HP,,,,,,,,,,,,,,,,,,,,,,,
DD3C76CC,LNGT2,TX,32.4797,-94.8042,USGS01,HG,,,,,,,,,,,,,,,,,,,,,,,
00901350,LNYT2,TX,29.7806,-101.758,USIBWC,HG,PC,VB,,,,,,,,,,,,,,,,,,,,,
009321C4,LOBT2,TX,25.8764,-97.4556,USIBWC,HG,PC,VB,,,,,,,,,,,,,,,,,,,,,
DD73B69C,LOKT2,TX,33.9972,-101.549,USGS01,PC,,,,,,,,,,,,,,,,,,,,,,,
DDD17020,LOLT2,TX,31.6483,-95.7892,USGS01,PC,HG,,,,,,,,,,,,,,,,,,,,,,
17486176,LONT2,TX,32.4167,-94.7097,USGS01,HG,,,,,,,,,,,,,,,,,,,,,,,
DD6F8504,LPCT2,TX,31.0264,-96.9881,USGS01,HG,VB,,,,,,,,,,,,,,,,,,,,,,
DE4534D0,LPPT2,TX,32.6475,-98.2689,USGS01,HP,,,,,,,,,,,,,,,,,,,,,,,
16759546,LPST2,TX,29.3456,-94.9631,USGS01,HG,HG,PC,,,,,,,,,,,,,,,,,,,,,
173FC616,LPTT2,TX,32.0533,-95.4367,USGS01,HP,,,,,,,,,,,,,,,,,,,,,,,
DD5C6788,LRIT2,TX,30.9664,-97.3458,USGS01,HG,PC,,,,,,,,,,,,,,,,,,,,,,
DE9073E0,LRTT2,TX,30.7272,-98.8144,USGS01,HG,HG,,,,,,,,,,,,,,,,,,,,,,
DD0F1254,LRUT2,TX,29.3453,-99.7489,USGS01,HG,PC,,,,,,,,,,,,,,,,,,,,,,
88423718,LRWT2,TX,31.3125,-94.8258,TXFSRA,PC,US,UD,TA,MT,XR,VB,MM,UR,UP,RW,,,,,,,,,,,,,
DE90C06E,LSET2,TX,33.5547,-101.788,USGS01,HG,PC,,,,,,,,,,,,,,,,,,,,,,
DE4A57A4,LSFT2,TX,33.0625,-99.5792,USGS01,HP,,,,,,,,,,,,,,,,,,,,,,,
16509368,LSNT2,TX,29.0653,-96.6739,USGS01,HG,VB,,,,,,,,,,,,,,,,,,,,,,
DE43C49A,LSPT2,TX,29.3081,-100.419,USGS01,PC,HG,VB,,,,,,,,,,,,,,,,,,,,,
8375D18A,LSRT2,TX,26.5364,-98.0878,FWSBID,PC,US,UD,TA,MT,XR,VB,MM,UR,UP,RW,,,,,,,,,,,,,
166A4222,LSWT2,TX,32.4386,-100.303,USGS01,HP,,,,,,,,,,,,,,,,,,,,,,,
DE4AD1B0,LTLT2,TX,32.7283,-96.1733,USGS01,HP,,,,,,,,,,,,,,,,,,,,,,,
009035BC,LTRT2,TX,29.8028,-101.446,USIBWC,HG,PC,VB,,,,,,,,,,,,,,,,,,,,,
DD77135E,LTXT2,TX,28.8917,-96.5775,USGS01,HP,,,,,,,,,,,,,,,,,,,,,,,
DE4AC2C6,LTYT2,TX,32.2417,-95.1758,USGS01,HP,,,,,,,,,,,,,,,,,,,,,,,
171B3246,LULT2,TX,29.6994,-97.6033,USGS01,HG,,,,,,,,,,,,,,,,,,,,,,,
DDCE57C0,LVDT2,TX,30.6333,-95.01,USGS01,HP,UD,US,HP,,,,,,,,,,,,,,,,,,,,
DD77E3DA,LVNT2,TX,33.0317,-96.4822,USGS01,HP,UD,US,PC,,,,,,,,,,,,,,,,,,,,
CE27946A,LVTT2,TX,33.3011,-96.2428,CESWF1,PC,,,,,,,,,,,,,,,,,,,,,,,
DD7471B6,LWCT2,TX,30.1053,-95.5464,USGS01,HG,,,,,,,,,,,,,,,,,,,,,,,
DE4DA514,LWFT2,TX,32.7725,-97.6744,USGS01,HP,,,,,,,,,,,,,,,,,,,,,,,
DDECC6B8,LWGT2,TX,30.3542,-97.6978,USGS01,HG,,,,,,,,,,,,,,,,,,,,,,,
837197BA,LWRT2,TX,26.0786,-98.1572,FWSBID,PC,US,UD,TA,MT,XR,VB,MM,UR,UP,RW,,,,,,,,,,,,,
00909B96,LWTT2,TX,27.5972,-99.5367,USIBWC,HG,VB,,,,,,,,,,,,,,,,,,,,,,
DE4AE42A,LWWT2,TX,32.3417,-96.805,USGS01,HP,PC,,,,,,,,,,,,,,,,,,,,,,
DDC90588,LYNT2,TX,30.4194,-96.54,USGS01,HG,PC,,,,,,,,,,,,,,,,,,,,,,
0090BD7A,MADT2,TX,26.1383,-98.3364,USIBWC,HG,TA,WC,PP,PC,,,,,,,,,,,,,,,,,,,
3B038660,MAQT2,TX,27.9797,-97.0286,NOAERD,TW,WC,WS,WX,WO,HM,WP,WT,WF,VB,,,,,,,,,,,,,,
884252FE,MATT2,TX,34.1175,-100.344,TXFSRA,PC,US,UD,TA,MT,XR,VB,MM,UR,UP,RW,,,,,,,,,,,,,
DDD0E7B8,MAVT2,TX,30.0944,-97.6592,USGS01,HG,PC,VB,,,,,,,,,,,,,,,,,,,,,
3B039516,MAXT2,TX,28.1322,-97.0344,NOAERD,TA,VJ,DJ,VJ,DJ,XR,PA,US,UD,UE,VU,DU,PP,RS,VB,CP,,,,,,,,
DE91711A,MBCT2,TX,30.6433,-99.0956,USGS01,HG,,,,,,,,,,,,,,,,,,,,,,,
DDDCB658,MBFT2,TX,29.9417,-94.7742,USGS01,TW,WC,HG,,,,,,,,,,,,,,,,,,,,,
CE608826,MBLT2,TX,33.76,-99.1425,CESWT1,PC,HG,,,,,,,,,,,,,,,,,,,,,,
8840B4F8,MCBT2,TX,33.4136,-99.4006,TXFSRA,PC,US,UD,TA,MT,XR,VB,PA,MM,UR,UP,RW,,,,,,,,,,,,
DDD66162,MCGT2,TX,31.5092,-97.3656,USGS01,PC,HG,,,,,,,,,,,,,,,,,,,,,,
DE14D19A,MCKT2,TX,33.2036,-96.5956,USGS01,HG,PC,,,,,,,,,,,,,,,,,,,,,,
173903C6,MCMT2,TX,33.3292,-99.4647,USGS01,HG,PC,,,,,,,,,,,,,,,,,,,,,,
DDC9606E,MCVT2,TX,30.1861,-93.9083,USGS01,HG,,,,,,,,,,,,,,,,,,,,,,,
0092C0CC,MDET2,TX,26.2378,-97.5156,USIBWC,HG,VB,,,,,,,,,,,,,,,,,,,,,,
DD775054,MDLT2,TX,29.54,-98.9336,USGS01,HP,PC,,,,,,,,,,,,,,,,,,,,,,
DD9FC41A,MDST2,TX,30.8847,-95.7778,USGS01,HG,,,,,,,,,,,,,,,,,,,,,,,
0092E620,MECT2,TX,26.13,-97.9094,USIBWC,HG,PC,VB,,,,,,,,,,,,,,,,,,,,,
884190EE,MEGT2,TX,31.3839,-97.4128,TXFSRA,PC,US,UD,TA,MT,XR,VB,PA,MM,UR,UP,RW,,,,,,,,,,,,
DE5932D2,MEPT2,TX,29.6944,-98.9794,USGS01,HG,PC,,,,,,,,,,,,,,,,,,,,,,
DE43E276,MFCT2,TX,33.7739,-97.2139,USGS01,HP,,,,,,,,,,,,,,,,,,,,,,,
DDCE3226,MFNT2,TX,28.5311,-97.0428,USGS01,PC,HG,,,,,,,,,,,,,,,,,,,,,,
CE683F0E,MGUT2,TX,33.6503,-97.7583,CESWF1,PC,,,,,,,,,,,,,,,,,,,,,,,
CD00D88E,MHST2,TX,31.62,-102.812,NOACRD,DY,DJ,XR,PC,PC,PC,US,UP,TV,MS,TV,MS,TV,MS,TV,MS,TV,MS,RW,DH,TA,PP,PC,
16E9F11A,MIOT2,TX,28.4828,-97.6564,USGS01,HG,,,,,,,,,,,,,,,,,,,,,,,
8378478E,MIRT2,TX,28.1228,-96.8022,FWSBID,PC,US,UD,TA,MT,XR,VB,MM,UR,UP,RW,,,,,,,,,,,,,
3B05A042,MIST2,TX,27.8381,-97.0503,NOAERD,TA,VJ,DJ,VJ,DJ,XR,PA,US,UD,UE,VU,DU,PP,RS,VB,CP,,,,,,,,
0092A52A,MITT2,TX,26.1417,-98.3233,USIBWC,HG,PC,,,,,,,,,,,,,,,,,,,,,,
DE4A81CC,MKZT2,TX,34.5453,-101.438,USGS01,HP,PC,,,,,,,,,,,,,,,,,,,,,,
174AB2EA,MLAT2,TX,32.6136,-95.4856,USGS01,HG,,,,,,,,,,,,,,,,,,,,,,,
CE2764EE,MLET2,TX,31.9178,-96.8961,CESWF1,PC,PC,,,,,,,,,,,,,,,,,,,,,,
DD45664A,MLIT2,TX,31.5172,-98.7403,USGS01,HG,,,,,,,,,,,,,,,,,,,,,,,
DE907D32,MLRT2,TX,30.6606,-99.1089,USGS01,HG,PC,,,,,,,,,,,,,,,,,,,,,,
DDCB35E6,MMDT2,TX,29.3347,-98.6894,USGS01,HG,,,,,,,,,,,,,,,,,,,,,,,
DE4AF75C,MMWT2,TX,32.8167,-98.0417,USGS01,HP,,,,,,,,,,,,,,,,,,,,,,,
8841C092,MNDT2,TX,31.9433,-102.19,TXFSRA,PC,US,UD,TA,MT,XR,VB,MM,UR,UP,RW,,,,,,,,,,,,,
DD7765CE,MNFT2,TX,32.5808,-97.1017,USGS01,HG,PC,,,,,,,,,,,,,,,,,,,,,,
1789976C,MNRT2,TX,30.9189,-99.7853,USGS01,HG,PC,,,,,,,,,,,,,,,,,,,,,,
CE68474C,MNTT2,TX,33.6589,-97.3758,CESWF1,PC,,,,,,,,,,,,,,,,,,,,,,,
DD13F7A4,MODT2,TX,32.5592,-99.1697,USGS01,HG,,,,,,,,,,,,,,,,,,,,,,,
DD9AE536,MOKT2,TX,29.4472,-94.92,USGS01,HM,HG,PC,,,,,,,,,,,,,,,,,,,,,
DD201528,MOUT2,TX,33.0889,-95.0397,USGS01,HP,,,,,,,,,,,,,,,,,,,,,,,
0091A224,MPDT2,TX,29.4917,-100.881,USIBWC,HG,PC,VB,,,,,,,,,,,,,,,,,,,,,
17C7D3D2,MPWT2,TX,30.45,-97.6794,USGS01,HP,VB,,,,,,,,,,,,,,,,,,,,,,
3B00BA26,MQMT2,TX,28.1383,-96.8286,NOAERD,TW,WC,WS,WX,WO,HM,WP,WT,WF,VB,,,,,,,,,,,,,,
1713A382,MRAT2,TX,29.1353,-96.7442,USGS01,HG,,,,,,,,,,,,,,,,,,,,,,,
CE71E8A4,MRIT2,TX,35.7106,-101.551,CESWT1,HP,PC,,,,,,,,,,,,,,,,,,,,,,
DD51E2FA,MRMT2,TX,29.4981,-98.9056,USGS01,HG,,,,,,,,,,,,,,,,,,,,,,,
88409214,MSAT2,TX,30.7358,-99.1864,TXFSRA,PC,US,UD,TA,MT,XR,VB,PA,MM,UR,UP,RW,,,,,,,,,,,,
17B2F752,MSCT2,TX,33.2664,-95.9153,USGS01,HG,PC,,,,,,,,,,,,,,,,,,,,,,
DE2264AA,MSTT2,TX,29.7664,-95.3583,USGS01,HG,,,,,,,,,,,,,,,,,,,,,,,
174B96FC,MTBT2,TX,28.0381,-97.86,USGS01,HG,,,,,,,,,,,,,,,,,,,,,,,
DD770028,MTHT2,TX,28.0381,-97.8708,USGS01,HP,,,,,,,,,,,,,,,,,,,,,,,
17B63776,MTPT2,TX,28.9278,-96.1708,USGS01,HG,,,,,,,,,,,,,,,,,,,,,,,
DDED8748,MTST2,TX,29.3928,-98.4944,USGS01,PC,HG,,,,,,,,,,,,,,,,,,,,,,
DDE214B8,MTTT2,TX,33.1953,-94.4919,USGS01,PC,,,,,,,,,,,,,,,,,,,,,,,
3B004AA2,MWQT2,TX,27.8381,-97.0503,NOAERD,TW,WC,WS,WX,WO,HM,WP,WT,WF,VB,,,,,,,,,,,,,,
CD0371AA,MWRT2,TX,33.9558,-102.776,NOACRD,DY,DJ,XR,PC,PC,PC,US,UP,TV,MS,TV,MS,TV,MS,TV,MS,TV,MS,RW,DH,TA,PP,PC,
DD5B35C0,MYAT2,TX,28.8647,-98.3381,USGS01,HG,,,,,,,,,,,,,,,,,,,,,,,
DE5A434C,MYRT2,TX,33.6008,-97.3258,USGS01,HG,PC,HG,,,,,,,,,,,,,,,,,,,,,
CE6167FC,MYST2,TX,33.8528,-95.5439,CESWT1,HP,PC,TA,XR,US,UD,VB,,,,,,,,,,,,,,,,,
348B222A,NAST2,TX,31.3886,-100.478,BURGPR,HP,,,,,,,,,,,,,,,,,,,,,,,
DDE2C2D0,NBCT2,TX,29.7064,-98.1222,USGS01,HG,,,,,,,,,,,,,,,,,,,,,,,
DDCA0286,NBDT2,TX,29.6881,-98.1547,USGS01,HG,,,,,,,,,,,,,,,,,,,,,,,
DDED4256,NBRT2,TX,29.7147,-98.1097,USGS01,HG,,,,,,,,,,,,,,,,,,,,,,,
DDDCA52E,NCCT2,TX,30.8189,-93.7856,USGS01,HG,,,,,,,,,,,,,,,,,,,,,,,
DD2F95AE,NCET2,TX,30.1453,-95.1242,USGS01,HG,TW,WC,WP,WO,WT,,,,,,,,,,,,,,,,,,
DDDF11AE,NCST2,TX,31.8922,-95.4306,USGS01,PC,HG,,,,,,,,,,,,,,,,,,,,,,
DE5A503A,NDST2,TX,32.22,-101.629,USGS01,HP,,,,,,,,,,,,,,,,,,,,,,,
1712A178,NELT2,TX,31.0131,-97.11,USGS01,HG,PC,VB,,,,,,,,,,,,,,,,,,,,,
DD5AE152,NGCT2,TX,28.8911,-96.8189,USGS01,HG,PC,,,,,,,,,,,,,,,,,,,,,,
1718263E,NGET2,TX,30.9736,-96.2414,USGS01,PC,HG,,,,,,,,,,,,,,,,,,,,,,
DDD60484,NGTT2,TX,32.69,-99.6692,USGS01,HG,,,,,,,,,,,,,,,,,,,,,,,
DDC8D11A,NMOT2,TX,29.5264,-100.018,USGS01,PC,HG,,,,,,,,,,,,,,,,,,,,,,
DDDD072C,NNCT2,TX,33.8825,-97.6525,USGS01,HP,,,,,,,,,,,,,,,,,,,,,,,
DD68A1DC,NONT2,TX,33.4967,-94.7778,USGS01,PC,,,,,,,,,,,,,,,,,,,,,,,
DDD62268,NOOT2,TX,32.6744,-100.072,USGS01,HG,,,,,,,,,,,,,,,,,,,,,,,
DE913CC2,NPBT2,TX,29.8753,-99.3486,USGS01,HG,PC,,,,,,,,,,,,,,,,,,,,,,
DD9526BA,NSBT2,TX,30.1567,-94.1142,USGS01,HG,WV,US,UD,,,,,,,,,,,,,,,,,,,,
DE91626C,NUBT2,TX,29.7186,-100.039,USGS01,HG,PC,,,,,,,,,,,,,,,,,,,,,,
AAC08444,NWMT2,TX,29.5572,-97.6839,TXFSRA,PC,US,UD,TA,MT,XR,VB,MM,UR,UP,RW,,,,,,,,,,,,,
DE4754C2,OALT2,TX,30.8867,-95.0803,USGS01,HG,,,,,,,,,,,,,,,,,,,,,,,
17338480,OBRT2,TX,28.9508,-95.3386,USGS01,PC,HG,HG,,,,,,,,,,,,,,,,,,,,,
DE6BA434,OCNT2,TX,29.1119,-95.6767,USGS01,HG,HG,WV,,,,,,,,,,,,,,,,,,,,,
DDCD43B8,OHBT2,TX,30.2961,-97.9253,USGS01,HG,HG,VB,,,,,,,,,,,,,,,,,,,,,
168630A4,OHIT2,TX,31.5,-99.6806,USGS01,HP,,,,,,,,,,,,,,,,,,,,,,,
DE38216C,OMWT2,TX,33.2747,-94.8025,USGS01,HG,,,,,,,,,,,,,,,,,,,,,,,
DD36B280,ONIT2,TX,30.1261,-97.8208,USGS01,HG,,,,,,,,,,,,,,,,,,,,,,,
178B44F0,OOST2,TX,27.7111,-97.5017,USGS01,HG,,,,,,,,,,,,,,,,,,,,,,,
17D66538,ORBT2,TX,30.2467,-97.7692,USGS01,HG,,,,,,,,,,,,,,,,,,,,,,,
172F479C,ORCT2,TX,32.6725,-94.7508,USGS01,HG,,,,,,,,,,,,,,,,,,,,,,,
DD5D8680,ORLT2,TX,31.8725,-103.831,USGS01,HG,TW,WC,PC,,,,,,,,,,,,,,,,,,,,
174C87BE,ORNT2,TX,30.0978,-93.7214,USGS01,HG,PC,,,,,,,,,,,,,,,,,,,,,,
150050D2,OZZT2,TX,30.5069,-101.291,NWSSRH,PC,VB,,,,,,,,,,,,,,,,,,,,,,
DD3FF7D6,PBGT2,TX,33.0208,-94.8819,USGS01,HG,PC,,,,,,,,,,,,,,,,,,,,,,
DD3AA06A,PBST2,TX,30.1342,-95.4775,USGS01,HG,PC,,,,,,,,,,,,,,,,,,,,,,
009197BE,PCDT2,TX,29.5222,-100.883,USIBWC,HG,PC,VB,,,,,,,,,,,,,,,,,,,,,
88426764,PCKT2,TX,31.9061,-100.582,TXFSRA,PC,US,UD,TA,MT,XR,VB,MM,UR,UP,RW,PA,,,,,,,,,,,,
178D32AE,PCST2,TX,31.4839,-103.49,USGS01,HG,TW,WC,WP,WO,,,,,,,,,,,,,,,,,,,
16E89606,PCTT2,TX,31.9686,-98.4858,USGS01,PC,HP,UD,US,,,,,,,,,,,,,,,,,,,,
009026CA,PDAT2,TX,30.125,-101.572,USIBWC,HG,PC,VB,,,,,,,,,,,,,,,,,,,,,
DE395506,PEDT2,TX,28.7514,-97.3169,USGS01,HG,,,,,,,,,,,,,,,,,,,,,,,
DD992726,PEWT2,TX,29.6856,-97.2306,USGS01,HG,HG,,,,,,,,,,,,,,,,,,,,,,
D11250EC,PGFT2,TX,31.3667,-103.006,USGS01,HG,PC,,,,,,,,,,,,,,,,,,,,,,
176E302A,PGRT2,TX,30.1919,-95.4836,USGS01,PC,HG,,,,,,,,,,,,,,,,,,,,,,
DE93C760,PICT2,TX,31.2847,-97.8847,USGS01,HG,HG,PC,,,,,,,,,,,,,,,,,,,,,
0090C538,PIOT2,TX,29.6042,-104.451,USIBWC,HG,PC,VB,,,,,,,,,,,,,,,,,,,,,
FA63D150,PJNT2,TX,29.3275,-103.207,NPS003,PC,US,UD,TA,MT,XR,VB,MM,UR,UP,RW,,,,,,,,,,,,,
8840A78E,PKLT2,TX,32.8672,-98.5617,TXFSRA,PC,US,UD,TA,MT,XR,VB,MM,UR,UP,RW,,,,,,,,,,,,,
DE20D2D0,PLCT2,TX,33.7283,-95.5667,USGS01,HP,,,,,,,,,,,,,,,,,,,,,,,
17BB12FC,PLOT2,TX,32.8625,-98.3022,USGS01,HG,PC,,,,,,,,,,,,,,,,,,,,,,
DDDFA220,PLPT2,TX,28.725,-96.7686,USGS01,HG,VB,,,,,,,,,,,,,,,,,,,,,,
DE906096,PMCT2,TX,32.9858,-96.5564,USGS01,HG,,,,,,,,,,,,,,,,,,,,,,,
CD07E1F2,PNJT2,TX,29.3483,-103.209,NOACRD,DY,DJ,XR,PC,PC,US,UP,TV,MS,TV,MS,RW,DH,TA,PP,PC,,,,,,,,
DE5E73EC,PNTT2,TX,32.8086,-95.9194,USGS01,HP,PC,,,,,,,,,,,,,,,,,,,,,,
17B27146,PNVT2,TX,34.1789,-101.702,USGS01,HG,PC,,,,,,,,,,,,,,,,,,,,,,
DD70F298,POET2,TX,30.1411,-95.3383,USGS01,HG,TA,VB,,,,,,,,,,,,,,,,,,,,,
009205D2,PPDT2,TX,29.1458,-100.718,USIBWC,HG,PC,VB,,,,,,,,,,,,,,,,,,,,,
DE909012,PPTT2,TX,29.7467,-95.5233,USGS01,HG,HG,WV,,,,,,,,,,,,,,,,,,,,,
DD7641D8,PPWT2,TX,32.6536,-98.1292,USGS01,HG,HG,,,,,,,,,,,,,,,,,,,,,,
0090E3D4,PRBT2,TX,29.5236,-104.287,USIBWC,HG,VB,,,,,,,,,,,,,,,,,,,,,,
0090F0A2,PRDT2,TX,29.5192,-104.286,USIBWC,HG,PC,VB,,,,,,,,,,,,,,,,,,,,,
00930728,PRGT2,TX,26.0633,-97.9506,USIBWC,HG,PC,VB,,,,,,,,,,,,,,,,,,,,,
D102070E,PRKT2,TX,31.5158,-99.9192,USGS01,HG,,,,,,,,,,,,,,,,,,,,,,,
D101D668,PRLT2,TX,29.5967,-95.2972,USGS01,HG,,,,,,,,,,,,,,,,,,,,,,,
CE685AE8,PRPT2,TX,33.2372,-96.8086,CESWF1,PC,,,,,,,,,,,,,,,,,,,,,,,
0090D64E,PRST2,TX,29.5578,-104.394,USIBWC,HG,PC,VB,,,,,,,,,,,,,,,,,,,,,
884297E0,PSAT2,TX,28.885,-99.1106,TXFSRA,PC,US,UD,TA,MT,XR,VB,PA,MM,UR,UP,RW,,,,,,,,,,,,
FA40D7B0,PSGT2,TX,31.8911,-104.81,NPS003,PC,US,UD,TA,MT,XR,VB,MM,UR,UP,RW,,,,,,,,,,,,,
162B26E2,PSMT2,TX,32.8722,-98.4256,USGS01,HP,PC,,,,,,,,,,,,,,,,,,,,,,
CD01A236,PSNT2,TX,31.7794,-95.7233,NOACRD,DY,DJ,XR,PC,PC,PC,US,UP,TV,MS,TV,MS,TV,MS,TV,MS,TV,MS,RW,DH,TA,PP,PC,
CE612A24,PWRT2,TX,33.9506,-100.064,CESWT1,PC,HG,,,,,,,,,,,,,,,,,,,,,,
3241A4C4,PXWT2,TX,31.9722,-104.948,BLM001,PC,US,UD,TA,MT,XR,VB,MM,UR,UP,RW,,,,,,,,,,,,,
DD34178C,QGCT2,TX,34.3544,-99.74,USGS01,PC,HG,,,,,,,,,,,,,,,,,,,,,,
1730607C,QLAT2,TX,32.8978,-96.2531,USGS01,HG,,,,,,,,,,,,,,,,,,,,,,,
DDCB130A,QTMT2,TX,32.7631,-95.4628,USGS01,HG,,,,,,,,,,,,,,,,,,,,,,,
DD76E120,RBFT2,TX,29.6731,-98.96,USGS01,HG,PC,,,,,,,,,,,,,,,,,,,,,,
DE33A4D0,RBUT2,TX,27.8967,-97.6253,USGS01,HG,HG,TW,,,,,,,,,,,,,,,,,,,,,
DD688730,RCCT2,TX,28.3033,-97.1122,USGS01,HG,,,,,,,,,,,,,,,,,,,,,,,
D1021478,RCET2,TX,32.1983,-96.52,USGS01,HG,PC,,,,,,,,,,,,,,,,,,,,,,
DE10C7D6,RCKT2,TX,32.0544,-96.9064,USGS01,HG,PC,,,,,,,,,,,,,,,,,,,,,,
009065C0,RCLT2,TX,31.915,-106.601,USIBWC,HG,PC,VB,,,,,,,,,,,,,,,,,,,,,
009184C8,RCRT2,TX,29.5778,-100.933,USIBWC,HG,PC,VB,,,,,,,,,,,,,,,,,,,,,
DE563440,RDAT2,TX,31.4358,-100.434,USGS01,HG,,,,,,,,,,,,,,,,,,,,,,,
17D7A2DC,REFT2,TX,28.2917,-97.2789,USGS01,HG,,,,,,,,,,,,,,,,,,,,,,,
DD13442A,RELT2,TX,31.8853,-100.48,USGS01,HG,,,,,,,,,,,,,,,,,,,,,,,
0094D374,RGAT2,TX,31.7761,-106.522,USIBWC,HG,VB,,,,,,,,,,,,,,,,,,,,,,
009283C6,RGDT2,TX,26.3769,-98.8117,USIBWC,HG,PC,VB,,,,,,,,,,,,,,,,,,,,,
3237015E,RGET2,TX,29.1858,-102.963,NPS003,PC,US,UD,TA,MT,XR,VB,MM,UR,UP,RW,,,,,,,,,,,,,
009290B0,RGLT2,TX,26.2375,-98.5625,USIBWC,HG,PC,VB,,,,,,,,,,,,,,,,,,,,,
88401400,RHAT2,TX,32.2211,-95.7661,TXFSRA,PC,US,UD,TA,MT,XR,VB,MM,UR,UP,RW,,,,,,,,,,,,,
32D0BBBC,RHBT2,TX,30.0483,-97.1147,BASTRP,PC,US,UD,TA,MT,XR,VB,MM,UR,UP,RW,,,,,,,,,,,,,
DD8963B2,RLAT2,TX,31.9011,-103.91,USGS01,HP,,,,,,,,,,,,,,,,,,,,,,,
17BB2766,RLRT2,TX,30.7606,-97.0136,USGS01,HG,,,,,,,,,,,,,,,,,,,,,,,
D10674A4,RMOT2,TX,29.5822,-95.7575,USGS01,PC,HG,,,,,,,,,,,,,,,,,,,,,,
DDD1C3AE,RMYT2,TX,30.425,-94.8506,USGS01,HG,PC,,,,,,,,,,,,,,,,,,,,,,
CD055788,RNST2,TX,28.3044,-96.8231,NOACRD,DY,DJ,XR,PC,PC,PC,US,UP,TV,MS,TV,MS,TV,MS,TV,MS,TV,MS,RW,DH,TA,PP,PC,
DDC9F50C,ROKT2,TX,31.025,-94.3994,USGS01,HG,PC,,,,,,,,,,,,,,,,,,,,,,
DDC5318E,ROST2,TX,29.3494,-95.5822,USGS01,HG,US,UD,TW,WV,,,,,,,,,,,,,,,,,,,
DDE0B1B4,ROXT2,TX,33.5447,-95.7231,USGS01,PC,,,,,,,,,,,,,,,,,,,,,,,
DE07E490,ROYT2,TX,32.7875,-100.388,USGS01,HG,,,,,,,,,,,,,,,,,,,,,,,
88427412,RPRT2,TX,31.2956,-96.3656,TXFSRA,PC,US,UD,TA,MT,XR,VB,PA,MM,UR,UP,RW,,,,,,,,,,,,
176CE3B6,RRDT2,TX,33.3497,-97.0356,USGS01,HG,,,,,,,,,,,,,,,,,,,,,,,
00927342,RRGT2,TX,26.4036,-99.0181,USIBWC,HG,PC,VB,,,,,,,,,,,,,,,,,,,,,
17BA530C,RRKT2,TX,29.6564,-95.5619,USGS01,HG,PC,,,,,,,,,,,,,,,,,,,,,,
DD9535CC,RRLT2,TX,33.3553,-97.0497,USGS01,HP,PC,US,UD,,,,,,,,,,,,,,,,,,,,
DE07A79A,RSET2,TX,29.1547,-103.598,USGS01,TW,WC,WP,WO,,,,,,,,,,,,,,,,,,,,
17B257AA,RSNT2,TX,29.5117,-95.7467,USGS01,HG,,,,,,,,,,,,,,,,,,,,,,,
DD99775A,RSRT2,TX,32.4264,-96.4628,USGS01,HG,TW,WC,WP,WO,PC,WT,,,,,,,,,,,,,,,,,
3288A6FC,RTCT2,TX,31.395,-95.1389,DAFS00,PC,US,UD,TA,MT,XR,VB,MM,UR,UP,RW,,,,,,,,,,,,,
163B9C20,RUBT2,TX,33.1878,-99.96,USGS01,HG,,,,,,,,,,,,,,,,,,,,,,,
DD5B132C,RUGT2,TX,28.92,-97.7719,USGS01,HG,,,,,,,,,,,,,,,,,,,,,,,
DE12F7B8,RVRT2,TX,30.8592,-95.3986,USGS01,PC,HG,,,,,,,,,,,,,,,,,,,,,,
DDE09758,RWDT2,TX,29.5044,-99.7811,USGS01,HG,,,,,,,,,,,,,,,,,,,,,,,
DE90550C,RWLT2,TX,32.9522,-96.4736,USGS01,HG,,,,,,,,,,,,,,,,,,,,,,,
17B2E424,RYET2,TX,30.4814,-94.7797,USGS01,HG,,,,,,,,,,,,,,,,,,,,,,,
DDCD265E,SAAT2,TX,29.2639,-98.4906,USGS01,PC,HG,TW,WC,WO,WP,WT,,,,,,,,,,,,,,,,,
DDD49412,SABT2,TX,29.3142,-99.4806,USGS01,HG,PC,,,,,,,,,,,,,,,,,,,,,,
DD5AD4C8,SACT2,TX,29.3569,-98.4125,USGS01,HG,PC,,,,,,,,,,,,,,,,,,,,,,
171C2304,SAFT2,TX,29.4061,-98.5106,USGS01,HG,PC,VB,,,,,,,,,,,,,,,,,,,,,
DD7806BA,SAGT2,TX,31.4844,-100.481,USGS01,HP,PC,UD,US,,,,,,,,,,,,,,,,,,,,
DE915924,SALT2,TX,29.4908,-99.4925,USGS01,HG,PC,,,,,,,,,,,,,,,,,,,,,,
D1018614,SAOT2,TX,29.4094,-98.4947,USGS01,PC,HG,VB,,,,,,,,,,,,,,,,,,,,,
17D817C0,SBMT2,TX,29.4667,-96.8125,USGS01,HG,VB,,,,,,,,,,,,,,,,,,,,,,
0093145E,SBNT2,TX,26.0306,-97.7278,USIBWC,HG,PC,VB,,,,,,,,,,,,,,,,,,,,,
0092D3BA,SBST2,TX,26.3139,-97.7764,USIBWC,HG,VB,,,,,,,,,,,,,,,,,,,,,,
DDECA35E,SCAT2,TX,30.2089,-97.9031,USGS01,HG,PC,VB,,,,,,,,,,,,,,,,,,,,,
DD95435C,SCCT2,TX,31.4544,-100.41,USGS01,HG,,,,,,,,,,,,,,,,,,,,,,,
DD71357C,SCDT2,TX,28.8614,-97.2261,USGS01,HG,PC,VB,,,,,,,,,,,,,,,,,,,,,
17D847BC,SCGT2,TX,29.2917,-97.6206,USGS01,HG,HG,PC,,,,,,,,,,,,,,,,,,,,,
DDC8F7F6,SCLT2,TX,33.3333,-95.625,USGS01,HP,PC,UD,US,,,,,,,,,,,,,,,,,,,,
174AC47A,SCRT2,TX,29.3706,-99.2875,USGS01,PC,HG,,,,,,,,,,,,,,,,,,,,,,
17E296F6,SCST2,TX,33.2117,-95.9139,USGS01,HG,PC,,,,,,,,,,,,,,,,,,,,,,
16F34458,SCVT2,TX,31.2728,-100.504,USGS01,HG,,,,,,,,,,,,,,,,,,,,,,,
DD99642C,SDAT2,TX,30.2594,-95.3022,USGS01,HG,,,,,,,,,,,,,,,,,,,,,,,
1731218C,SDBT2,TX,29.5639,-98.5197,USGS01,HG,PP,,,,,,,,,,,,,,,,,,,,,,
DE9048A8,SDOT2,TX,30.9444,-97.5342,USGS01,HG,,,,,,,,,,,,,,,,,,,,,,,
16DF1456,SEGT2,TX,29.5514,-97.9694,USGS01,HG,HG,PC,,,,,,,,,,,,,,,,,,,,,
17120180,SELT2,TX,29.5939,-98.3108,USGS01,PC,HG,,,,,,,,,,,,,,,,,,,,,,
D107B340,SEYT2,TX,33.7003,-99.3883,USGS01,PC,HG,,,,,,,,,,,,,,,,,,,,,,
0091E12E,SFCT2,TX,29.3306,-100.889,USIBWC,HG,PC,VB,,,,,,,,,,,,,,,,,,,,,
DD75734C,SFIT2,TX,30.4519,-101.733,USGS01,HG,,,,,,,,,,,,,,,,,,,,,,,
DE0060B0,SFWT2,TX,29.6247,-97.3206,USGS01,HG,HG,PC,,,,,,,,,,,,,,,,,,,,,
DD358014,SGAT2,TX,30.9578,-103.459,USGS01,HG,PC,,,,,,,,,,,,,,,,,,,,,,
DD11F250,SGET2,TX,33.3361,-97.1792,USGS01,HG,PC,,,,,,,,,,,,,,,,,,,,,,
17CF27F0,SGGT2,TX,29.5361,-97.8808,USGS01,HG,,,,,,,,,,,,,,,,,,,,,,,
DE4782AA,SGHT2,TX,29.6197,-98.795,USGS01,HG,PP,,,,,,,,,,,,,,,,,,,,,,
DD8CB21A,SGOT2,TX,31.3089,-100.446,USGS01,HG,,,,,,,,,,,,,,,,,,,,,,,
CE725C24,SHAT2,TX,35.2642,-100.241,CESWT1,PC,HG,,,,,,,,,,,,,,,,,,,,,,
DE905BDE,SHCT2,TX,32.9597,-96.6142,USGS01,HG,,,,,,,,,,,,,,,,,,,,,,,
17487200,SHLT2,TX,29.8761,-95.0936,USGS01,HG,,,,,,,,,,,,,,,,,,,,,,,
D1019562,SILT2,TX,32.0536,-100.762,USGS01,HG,TW,,,,,,,,,,,,,,,,,,,,,,
DD71260A,SIOT2,TX,29.4989,-98.51,USGS01,PC,HG,,,,,,,,,,,,,,,,,,,,,,
DE3206D2,SIWT2,TX,34.4778,-101.43,USGS01,PC,,,,,,,,,,,,,,,,,,,,,,,
DE030258,SJHT2,TX,30.6458,-95.675,USGS01,HG,,,,,,,,,,,,,,,,,,,,,,,
DE6BF448,SKCT2,TX,31.9342,-94.9756,USGS01,PC,HP,,,,,,,,,,,,,,,,,,,,,,
178B2116,SKMT2,TX,28.2822,-97.6206,USGS01,HG,,,,,,,,,,,,,,,,,,,,,,,
DE228758,SLHT2,TX,30.1619,-97.8319,USGS01,HG,,,,,,,,,,,,,,,,,,,,,,,
DE5A76D6,SLRT2,TX,31.8972,-101.105,USGS01,HG,,,,,,,,,,,,,,,,,,,,,,,
DDD1A648,SMAT2,TX,29.805,-95.7097,USGS01,HG,,,,,,,,,,,,,,,,,,,,,,,
DD8A5126,SMCT2,TX,29.8686,-98.1986,USGS01,PC,HP,UD,US,,,,,,,,,,,,,,,,,,,,
17920638,SMIT2,TX,30.0125,-97.1617,USGS01,HG,PC,HG,,,,,,,,,,,,,,,,,,,,,
DDDD21C0,SMKT2,TX,33.4089,-99.3886,USGS01,HP,,,,,,,,,,,,,,,,,,,,,,,
DE6AB5B8,SMMT2,TX,29.2619,-98.5811,USGS01,HG,HG,PC,TW,WC,WP,WO,,,,,,,,,,,,,,,,,
DE4D908E,SMRT2,TX,29.8322,-97.8422,USGS01,PC,HG,,,,,,,,,,,,,,,,,,,,,,
F004625E,SMVT2,TX,30.3217,-96.5072,USGS01,HG,,,,,,,,,,,,,,,,,,,,,,,
17B5B66C,SNBT2,TX,31.2178,-98.5642,USGS01,HG,PC,HG,,,,,,,,,,,,,,,,,,,,,
DDCE44B6,SNPT2,TX,29.3219,-98.45,USGS01,PC,HG,,,,,,,,,,,,,,,,,,,,,,
D112267C,SOLT2,TX,30.1058,-94.3344,USGS01,PC,HG,,,,,,,,,,,,,,,,,,,,,,
DD77C536,SOMT2,TX,30.3222,-96.5256,USGS01,HP,PC,US,UD,VB,,,,,,,,,,,,,,,,,,,
17B57372,SOUT2,TX,33.0242,-98.6436,USGS01,PC,HG,,,,,,,,,,,,,,,,,,,,,,
1713669C,SPAT2,TX,29.3217,-96.7089,USGS01,HG,,,,,,,,,,,,,,,,,,,,,,,
179003CC,SPCT2,TX,30.6594,-101.77,USGS01,HG,PC,,,,,,,,,,,,,,,,,,,,,,
DDC55468,SPDT2,TX,30.2325,-95.1681,USGS01,HG,,,,,,,,,,,,,,,,,,,,,,,
178691FE,SPMT2,TX,36.2022,-101.306,USGS01,HG,PC,,,,,,,,,,,,,,,,,,,,,,
17AA82FA,SPNT2,TX,30.1103,-95.4361,USGS01,HG,TW,WC,WP,WT,WO,,,,,,,,,,,,,,,,,,
DE4BD34A,SPRT2,TX,36.3614,-101.164,USGS01,HP,PC,,,,,,,,,,,,,,,,,,,,,,
DE4C62F0,SPZT2,TX,31.3308,-100.601,USGS01,HG,,,,,,,,,,,,,,,,,,,,,,,
1650801E,SRCT2,TX,31.83,-100.993,USGS01,HG,,,,,,,,,,,,,,,,,,,,,,,
837544E8,SRDT2,TX,28.8647,-95.5681,BLM001,PC,US,UD,TA,MT,XR,VB,MM,UR,UP,TX,TN,RW,,,,,,,,,,,
DD798254,SRGT2,TX,29.8603,-98.3833,USGS01,HG,,,,,,,,,,,,,,,,,,,,,,,
DE9157F6,SRMT2,TX,29.7189,-99.5486,USGS01,HG,PC,,,,,,,,,,,,,,,,,,,,,,
17B2D1BE,SRRT2,TX,28.8486,-97.7369,USGS01,HG,PC,TW,WC,WP,WT,WO,VB,,,,,,,,,,,,,,,,
DDD98402,SRUT2,TX,29.8889,-97.9339,USGS01,HG,,,,,,,,,,,,,,,,,,,,,,,
32D02EDE,SRWT2,TX,29.9392,-98.0083,HAYS48,PC,US,UD,TA,MT,XR,VB,PA,UR,UP,MM,RW,,,,,,,,,,,,
178A8314,SSBT2,TX,31.2131,-98.7192,USGS01,HG,PC,,,,,,,,,,,,,,,,,,,,,,
1686B6B0,SSCT2,TX,29.5158,-98.4308,USGS01,PC,HG,,,,,,,,,,,,,,,,,,,,,,
DE33823C,SSMT2,TX,29.5731,-99.4028,USGS01,HG,PC,,,,,,,,,,,,,,,,,,,,,,
3287439C,SSRT2,TX,31.2803,-93.8386,DAFS00,PC,US,UD,TA,MT,XR,VB,MM,UR,UP,RW,,,,,,,,,,,,,
DDD1332A,SSST2,TX,33.1678,-95.6417,USGS01,HP,,,,,,,,,,,,,,,,,,,,,,,
D10991C4,SSWT2,TX,33.0594,-102.415,USGS01,PC,HG,,,,,,,,,,,,,,,,,,,,,,
DE3FB63A,STET2,TX,31.8483,-96.2897,USGS01,PC,HG,,,,,,,,,,,,,,,,,,,,,,
1786B712,STFT2,TX,32.9308,-99.6422,USGS01,HG,PC,,,,,,,,,,,,,,,,,,,,,,
DD77954A,STIT2,TX,31.0222,-97.5325,USGS01,HP,PC,,,,,,,,,,,,,,,,,,,,,,
DDC7270C,STLT2,TX,29.8589,-98.1797,USGS01,HG,,,,,,,,,,,,,,,,,,,,,,,
DD703786,STUT2,TX,30.0064,-95.5117,USGS01,HG,,,,,,,,,,,,,,,,,,,,,,,
16861648,STYT2,TX,31.4936,-99.5736,USGS01,HG,,,,,,,,,,,,,,,,,,,,,,,
DDE22122,SUBT2,TX,33.3325,-95.395,USGS01,PC,,,,,,,,,,,,,,,,,,,,,,,
DDCD3528,SUPT2,TX,29.2797,-98.0533,USGS01,HG,PC,,,,,,,,,,,,,,,,,,,,,,
DD3D6740,SVBT2,TX,29.2353,-98.4025,USGS01,HG,PC,,,,,,,,,,,,,,,,,,,,,,
0093924A,SYCT2,TX,29.24,-100.766,USIBWC,HG,VB,,,,,,,,,,,,,,,,,,,,,,
DDF9969A,SYMT2,TX,33.5808,-99.2672,USGS01,HG,,,,,,,,,,,,,,,,,,,,,,,
CE72741A,SYOT2,TX,33.7583,-99.1508,CESWT1,PC,HP,,,,,,,,,,,,,,,,,,,,,,
174B750E,TBAT2,TX,30.8767,-94.3111,USGS01,PC,,,,,,,,,,,,,,,,,,,,,,,
DDC9D3E0,TBFT2,TX,30.7908,-94.1508,USGS01,HG,HG,,,,,,,,,,,,,,,,,,,,,,
DDC9839C,TBLT2,TX,30.7953,-94.18,USGS01,HP,UD,US,PC,,,,,,,,,,,,,,,,,,,,
CE615CB4,TBPT2,TX,33.7978,-99.8364,CESWT1,HP,PC,TA,XR,RW,US,UD,VB,,,,,,,,,,,,,,,,
1716C1A4,TBRT2,TX,31.3819,-100.538,USGS01,HP,PC,,,,,,,,,,,,,,,,,,,,,,
17CF4216,TBTT2,TX,31.1736,-93.5658,USGS01,HT,,,,,,,,,,,,,,,,,,,,,,,
17D78430,TDDT2,TX,32.1475,-96.1022,USGS01,HG,PC,,,,,,,,,,,,,,,,,,,,,,
009111AA,TELT2,TX,29.0347,-103.39,USIBWC,HG,PC,VB,,,,,,,,,,,,,,,,,,,,,
884071E6,TEXT2,TX,33.3739,-94.0456,TXFSRA,PC,US,UD,TA,MT,XR,VB,PA,MM,UR,UP,RW,,,,,,,,,,,,
DD5C37F4,THET2,TX,28.4272,-98.1778,USGS01,HG,,,,,,,,,,,,,,,,,,,,,,,
DD5B26B6,TIDT2,TX,28.4672,-98.5472,USGS01,HG,,,,,,,,,,,,,,,,,,,,,,,
DDD23424,TILT2,TX,28.3086,-98.5569,USGS01,PC,HG,,,,,,,,,,,,,,,,,,,,,,
DD68B2AA,TIVT2,TX,28.5056,-96.8844,USGS01,HG,HG,TW,WV,,,,,,,,,,,,,,,,,,,,
17B893E6,TKLT2,TX,31.33,-100.64,USGS01,HG,,,,,,,,,,,,,,,,,,,,,,,
DD8B363A,TKST2,TX,31.4272,-100.711,USGS01,HG,,,,,,,,,,,,,,,,,,,,,,,
16F3F7D6,TLCT2,TX,33.3861,-95.1322,USGS01,HG,PC,,,,,,,,,,,,,,,,,,,,,,
CE3385B8,TLPT2,TX,33.7958,-100.075,CESWT1,PC,HG,TW,WC,,,,,,,,,,,,,,,,,,,,
DE5BB132,TMBT2,TX,30.1197,-95.6458,USGS01,HG,,,,,,,,,,,,,,,,,,,,,,,
88418398,TMPT2,TX,31.0564,-97.3469,TXFSRA,PC,US,UD,TA,MT,XR,VB,PA,MM,UR,UP,RW,,,,,,,,,,,,
009102DC,TNGT2,TX,29.2028,-103.619,USIBWC,HG,PC,VB,,,,,,,,,,,,,,,,,,,,,
DE392396,TNLT2,TX,28.5872,-98.5456,USGS01,HG,PC,,,,,,,,,,,,,,,,,,,,,,
DD79E7B2,TPHT2,TX,29.57,-99.2478,USGS01,HG,PC,,,,,,,,,,,,,,,,,,,,,,
1637B582,TPST2,TX,29.3572,-94.9247,USGS01,HG,,,,,,,,,,,,,,,,,,,,,,,
173827D0,TRDT2,TX,32.7075,-96.7356,USGS01,HG,,,,,,,,,,,,,,,,,,,,,,,
DE4DB662,TRNT2,TX,32.2431,-96.1406,USGS01,PP,HP,US,UD,,,,,,,,,,,,,,,,,,,,
CE65598E,TRST2,TX,33.8206,-99.7861,CESWT1,PC,HG,,,,,,,,,,,,,,,,,,,,,,
172F54EA,TUCT2,TX,32.8072,-96.8022,USGS01,HG,,,,,,,,,,,,,,,,,,,,,,,
166C7776,TVLT2,TX,28.4781,-96.8625,USGS01,PC,HG,WV,VB,,,,,,,,,,,,,,,,,,,,
DDC8E480,TXKT2,TX,33.3044,-94.1606,USGS01,HP,PC,,,,,,,,,,,,,,,,,,,,,,
176703EC,TXST2,TX,33.3042,-94.1514,USGS01,HG,,,,,,,,,,,,,,,,,,,,,,,
17E4102C,UBCT2,TX,30.5839,-97.7222,USGS01,HP,PC,,,,,,,,,,,,,,,,,,,,,,
DD74C238,UBWT2,TX,30.5692,-97.7136,USGS01,PC,VB,HP,,,,,,,,,,,,,,,,,,,,,
DD55544E,UDCT2,TX,31.7983,-105.581,USGS01,PC,,,,,,,,,,,,,,,,,,,,,,,
DDD477E0,UDET2,TX,29.2456,-99.6742,USGS01,PC,HG,VB,,,,,,,,,,,,,,,,,,,,,
DD7AB0C0,UKOT2,TX,31.5697,-95.8881,USGS01,HG,,,,,,,,,,,,,,,,,,,,,,,
17D7C73A,ULRT2,TX,29.1542,-99.7431,USGS01,HG,,,,,,,,,,,,,,,,,,,,,,,
DE32203E,UMBT2,TX,34.8486,-102.176,USGS01,HG,PC,,,,,,,,,,,,,,,,,,,,,,
DE916CBE,UVAT2,TX,29.4283,-99.9969,USGS01,HG,PC,,,,,,,,,,,,,,,,,,,,,,
DDD212C8,UVLT2,TX,29.1236,-99.8944,USGS01,PC,HG,,,,,,,,,,,,,,,,,,,,,,
DD0EB056,VCBT2,TX,29.6944,-95.2161,USGS01,HG,,,,,,,,,,,,,,,,,,,,,,,
DDD6311E,VCKT2,TX,29.5678,-99.0969,USGS01,HG,PC,,,,,,,,,,,,,,,,,,,,,,
8840C268,VCRT2,TX,28.8636,-96.9164,TXFSRA,PC,US,UD,TA,MT,XR,VB,MM,UR,UP,RW,,,,,,,,,,,,,
DE30B0A8,VERT2,TX,34.1794,-99.3233,USGS01,PC,HG,,,,,,,,,,,,,,,,,,,,,,
DD7A36D4,VICT2,TX,28.7928,-97.0128,USGS01,HG,PC,,,,,,,,,,,,,,,,,,,,,,
DDD654F8,VMAT2,TX,31.6694,-97.4692,USGS01,HG,PC,,,,,,,,,,,,,,,,,,,,,,
1763334C,VNST2,TX,32.4908,-97.1228,USGS01,HG,PC,,,,,,,,,,,,,,,,,,,,,,
CE6872D6,VVWT2,TX,33.4378,-97.1683,CESWF1,PC,,,,,,,,,,,,,,,,,,,,,,,
DD748132,WABT2,TX,29.8706,-95.4803,USGS01,HG,,,,,,,,,,,,,,,,,,,,,,,
DDECD5CE,WADT2,TX,30.375,-97.6603,USGS01,HG,,,,,,,,,,,,,,,,,,,,,,,
DE48C732,WART2,TX,30.2714,-97.7356,USGS01,HG,,,,,,,,,,,,,,,,,,,,,,,
DE30A3DE,WAYT2,TX,34.8375,-101.414,USGS01,HG,PC,,,,,,,,,,,,,,,,,,,,,,
DDC5471E,WBAT2,TX,31.5358,-97.0731,USGS01,HG,VB,,,,,,,,,,,,,,,,,,,,,,
F0029214,WBCT2,TX,30.5367,-97.6253,USGS01,HP,PC,,,,,,,,,,,,,,,,,,,,,,
DDE23254,WBOT2,TX,32.96,-95.28,USGS01,PC,,,,,,,,,,,,,,,,,,,,,,,
DD07B60A,WBRT2,TX,32.1992,-101.014,USGS01,HG,PC,,,,,,,,,,,,,,,,,,,,,,
1767757C,WCAT2,TX,30.2619,-97.7397,USGS01,HG,,,,,,,,,,,,,,,,,,,,,,,
170D13FA,WCBT2,TX,29.1442,-95.6058,USGS01,HG,HG,,,,,,,,,,,,,,,,,,,,,,
1687F740,WCDT2,TX,30.5086,-97.7672,USGS01,HP,PC,,,,,,,,,,,,,,,,,,,,,,
DDD1E542,WCET2,TX,30.5358,-97.7917,USGS01,HP,PC,,,,,,,,,,,,,,,,,,,,,,
D1096140,WCGT2,TX,30.3419,-95.5428,USGS01,HG,,,,,,,,,,,,,,,,,,,,,,,
16888742,WCKT2,TX,30.5206,-97.5992,USGS01,HP,PC,,,,,,,,,,,,,,,,,,,,,,
16EAE562,WCMT2,TX,33.1847,-96.6378,USGS01,HG,PC,,,,,,,,,,,,,,,,,,,,,,
DD101358,WCRT2,TX,32.9456,-97.5828,USGS01,PC,HG,,,,,,,,,,,,,,,,,,,,,,
172D34F8,WCST2,TX,29.6758,-98.2511,USGS01,HG,HG,PC,,,,,,,,,,,,,,,,,,,,,
DD11C7CA,WCVT2,TX,29.8672,-94.7147,USGS01,PC,TW,WC,HP,HP,,,,,,,,,,,,,,,,,,,
AAC0B1DE,WDPT2,TX,30.6461,-104.137,TXFSRA,PC,US,UD,TA,MT,XR,VB,MM,UR,UP,RW,,,,,,,,,,,,,
1780A4AA,WEAT2,TX,32.7403,-97.6517,USGS01,HG,PC,,,,,,,,,,,,,,,,,,,,,,
DE56F15E,WEET2,TX,29.6292,-98.4486,USGS01,PC,HG,HB,TA,WC,,,,,,,,,,,,,,,,,,,
DDC71296,WFDT2,TX,30.0356,-95.4286,USGS01,HG,,,,,,,,,,,,,,,,,,,,,,,
DE90CEBC,WFHT2,TX,33.8844,-98.4989,USGS01,HG,,,,,,,,,,,,,,,,,,,,,,,
165551B6,WFTT2,TX,32.7597,-97.4039,USGS01,PC,HG,,,,,,,,,,,,,,,,,,,,,,
F00444B2,WGRT2,TX,30.7022,-97.4342,USGS01,HG,HG,,,,,,,,,,,,,,,,,,,,,,
17B35550,WHAT2,TX,29.3089,-96.1036,USGS01,HG,PC,HG,,,,,,,,,,,,,,,,,,,,,
DDD156CC,WHCT2,TX,32.3822,-96.8506,USGS01,HG,,,,,,,,,,,,,,,,,,,,,,,
1688E2A4,WHDT2,TX,30.4906,-97.5403,USGS01,HP,PC,,,,,,,,,,,,,,,,,,,,,,
17B2A72E,WHOT2,TX,29.215,-97.4492,USGS01,HG,,,,,,,,,,,,,,,,,,,,,,,
AAB68126,WHRT2,TX,35.4464,-100.198,TXFSRA,PC,US,UD,TA,MT,XR,VB,MM,UR,UP,RW,,,,,,,,,,,,,
16859752,WHTT2,TX,30.5061,-97.5531,USGS01,HP,PC,,,,,,,,,,,,,,,,,,,,,,
DD800008,WHUT2,TX,30.5156,-97.5703,USGS01,HP,PC,,,,,,,,,,,,,,,,,,,,,,
CE65575C,WICT2,TX,33.9094,-98.5333,CESWT1,PC,HG,TW,WC,,,,,,,,,,,,,,,,,,,,
17D6D6B6,WJCT2,TX,30.1892,-97.7322,USGS01,HG,,,,,,,,,,,,,,,,,,,,,,,
DD36F18A,WKLT2,TX,30.235,-97.86,USGS01,HG,VB,,,,,,,,,,,,,,,,,,,,,,
D10786DA,WLAT2,TX,30.5786,-97.8408,USGS01,HG,PC,,,,,,,,,,,,,,,,,,,,,,
DE3973EA,WLCT2,TX,30.3228,-97.7228,USGS01,HG,,,,,,,,,,,,,,,,,,,,,,,
1789020E,WLGT2,TX,34.9575,-100.221,USGS01,PC,HG,,,,,,,,,,,,,,,,,,,,,,
16504500,WLNT2,TX,30.555,-97.8056,USGS01,HP,PC,,,,,,,,,,,,,,,,,,,,,,
162E6228,WLRT2,TX,35.4372,-100.276,USGS01,PC,,,,,,,,,,,,,,,,,,,,,,,
DDED27B0,WMBT2,TX,29.9942,-98.0886,USGS01,HG,HG,,,,,,,,,,,,,,,,,,,,,,
D101A0F8,WOBT2,TX,29.7928,-95.3681,USGS01,HG,,,,,,,,,,,,,,,,,,,,,,,
D109F422,WOCT2,TX,33.3222,-95.0925,USGS01,HG,PC,,,,,,,,,,,,,,,,,,,,,,
D1035588,WPTT2,TX,32.8061,-95.9192,USGS01,HG,,,,,,,,,,,,,,,,,,,,,,,
167705D0,WRDT2,TX,30.5669,-97.6294,USGS01,HP,PC,,,,,,,,,,,,,,,,,,,,,,
166D66FA,WRKT2,TX,30.4842,-97.7136,USGS01,HP,PC,,,,,,,,,,,,,,,,,,,,,,
17750186,WRNT2,TX,30.5419,-97.6633,USGS01,HP,PC,,,,,,,,,,,,,,,,,,,,,,
1676C234,WROT2,TX,30.5414,-97.6789,USGS01,HP,PC,,,,,,,,,,,,,,,,,,,,,,
CE27127E,WRPT2,TX,32.7558,-97.3308,CESWF1,PC,,,,,,,,,,,,,,,,,,,,,,,
FA634432,WRRT2,TX,30.5403,-94.3411,NPS003,PC,US,UD,TA,MT,XR,VB,MM,UR,UP,RW,,,,,,,,,,,,,
170E4488,WRST2,TX,28.8975,-97.3547,USGS01,HG,,,,,,,,,,,,,,,,,,,,,,,
DDD115C6,WSBT2,TX,29.7619,-95.5575,USGS01,PC,HG,,,,,,,,,,,,,,,,,,,,,,
0092B65C,WSLT2,TX,26.1161,-97.9936,USIBWC,HG,VB,,,,,,,,,,,,,,,,,,,,,,
16F065BA,WSVT2,TX,29.8122,-94.7311,USGS01,HG,TW,HG,WV,WC,,,,,,,,,,,,,,,,,,,
CE27B286,WTHT2,TX,32.7522,-97.8508,CESWF1,PC,,,,,,,,,,,,,,,,,,,,,,,
DD5C2482,WTTT2,TX,28.6219,-98.2811,USGS01,PC,HG,,,,,,,,,,,,,,,,,,,,,,
DD8CC48A,WTYT2,TX,31.8653,-97.3717,USGS01,HP,UD,US,,,,,,,,,,,,,,,,,,,,,
8841A574,WVLT2,TX,30.75,-94.4,TXFSRA,PC,US,UD,TA,MT,XR,VB,PA,MM,UR,UP,RW,,,,,,,,,,,,
DD36A1F6,WWVT2,TX,30.2831,-97.6547,USGS01,HG,,,,,,,,,,,,,,,,,,,,,,,
17495616,ZACT2,TX,27.5358,-99.5,USGS01,HG,PC,,,,,,,,,,,,,,,,,,,,,,
0093A7D0,ZGBT2,TX,31.6711,-106.338,USIBWC,HG,,,,,,,,,,,,,,,,,,,,,,,
150043A4,ZONT2,TX,30.6706,-100.967,NWSSRH,PC,VB,,,,,,,,,,,,,,,,,,,,,,
32888010,ZVLT2,TX,31.1772,-94.3839,DAFS00,PC,US,UD,TA,MT,XR,VB,MM,UR,UP,RW,,,,,,,,,,,,,
